Tree #,Month,Cone Stage,Scale Thickness (mm),Seed #,Conopthorus sp. (Beetle larva) ,Megastigmus (Wasp),Midge,Pinyon bore moth,Spider ,Unknown Seed insect,Comments,name,Cone Stage,,1,Young small cones,,,,,,,,,,,,,,
3,January,1,7.5,8,0,0,0,0,0,1,Many seeds nonviable ,MCR,young/closed=1,,2,Middle age sappy cones,,,,,,,,,,,,,,
3,January,2,8,0,0,0,0,0,0,0,,MCR,middle/open=2,,3,Old dry cones,,,,,,,,,,,,,,
3,January,1,4,6,0,0,0,0,0,0,,MCR,old/dry open=3,,,,,,,,,,,,,,,,,
3,January,3,7.5,0,0,0,0,0,0,0,Dried ,MCR,,,,,,,,,,,,,,,,,,
3,January,3,6,0,0,0,0,0,0,0,Dried ,MCR,,,,,,,,,,,,,,,,,,
3,January,2,7,0,0,0,0,0,0,0,,MCR,,,,Rotter ID notes ,,,,,,,,,,,,,,
12,January,3,5,0,0,0,0,0,0,0,,MCR,,,,Beetle,has mostly frass in the seeds can be in center of cone ,,,,,,,,,,,,,
12,January,1,5,6,1,0,0,0,0,0,,MCR,,,,wasp,will be silken cocoon ,,,,,,,,,,,,,
12,January,2,7,0,0,0,0,0,0,0,,MCR,,,,Midges ,"May look like a small mosquito or fly, larva are maggots",,,,,,,,,,,,,
12,January,2,7,1,0,0,0,0,0,0,,MCR,,,,Moth,Will look like a caterpillar ,,,,,,,,,,,,,
12,January,1,5.5,2,0,0,0,0,0,0,,MCR,,,,,,,,,,,,,,,,,,
12,January,1,5,3,1,0,0,0,0,0,tightly closed,MCR,,,,,,,,,,,,,,,,,,
5,January,1,5.5,0,1,0,0,0,0,0,entire center taken up,MCR,,,,,,,,,,,,,,,,,,
5,January,2,7,0,0,0,0,0,0,0,,MCR,,,,,,,,,,,,,,,,,,
5,January,2,7,0,0,0,0,0,0,0,,MCR,,,,,,,,,,,,,,,,,,
5,January,1,5,0,0,0,0,0,0,0,,MCR,,,,,,,,,,,,,,,,,,
5,January,3,6,0,0,0,0,0,0,0,,MCR,,,,,,,,,,,,,,,,,,
5,January,3,7,0,0,0,0,0,0,0,,MCR,,,,,,,,,,,,,,,,,,
21,January,3,6,0,0,0,0,0,0,0,,MCR,,,,,,,,,,,,,,,,,,
21,January,1,4,0,0,1,0,0,0,0,Possibly wasp,MCR,,,,,,,,,,,,,,,,,,
21,January,2,5,0,0,0,0,0,0,0,Possibly wasp,MBF,,,,,,,,,,,,,,,,,,
21,January,3,5,0,0,0,0,0,0,0,,MBF,,,,,,,,,,,,,,,,,,
21,January,2,6,0,0,0,0,0,0,0,,MBF,,,,,,,,,,,,,,,,,,
21,January,1,4,2,0,0,0,0,0,0,Nonviable seeds,MBF,,,,,,,,,,,,,,,,,,
13,January,1,7,5,0,0,0,0,0,1,,MBF,,,,,,,,,,,,,,,,,,
13,January,2,5,0,0,0,0,0,0,0,,MBF,,,,,,,,,,,,,,,,,,
13,January,3,2,0,0,0,0,0,0,0,,MBF,,,,,,,,,,,,,,,,,,
13,January,2,4,0,0,0,0,0,0,0,,MBF,,,,,,,,,,,,,,,,,,
13,January,3,4,0,0,1,0,0,0,0,possibly wasp,MBF,,,,,,,,,,,,,,,,,,
13,January,2,5,0,0,0,0,0,0,0,,MBF,,,,,,,,,,,,,,,,,,
20,January,2,6,1,0,1,0,0,0,0,wasp? one loose seed in bag present,MBF,,,,,,,,,,,,,,,,,,
20,January,2,5,4,0,0,0,0,2,0,2spiders also bore holes in 3 of the seeds,MBF,frass present inside seeds and around center of the cone,,,,,,,,,,,,,,,,,
20,January,3,6,0,0,0,0,0,0,0,,MBF,,,,,,,,,,,,,,,,,,
20,January,1,7,12,0,0,0,0,0,0,5 nonviable seeds,MBF,,,,,,,,,,,,,,,,,,
20,January,1,3,0,4,0,0,0,0,0,,MBF,,,,,,,,,,,,,,,,,,
20,January,1,4,0,1,0,0,0,0,0,"lots of frass, possibly wasp, frass made up of little oval beads. Seeds likely consumed. ",MBF,,,,,,,,,,,,,,,,,,
19,January,2,7,0,0,0,0,0,0,0,,SI,,,,,,,,,,,,,,,,,,
19,January,3,3,1,1,1,0,0,0,0,"frass, closed seed pod when opened was dark brown powder",SI,,,,,,,,,,,,,,,,,,
19,January,2,5,2,1,0,0,0,0,0,"frass, bore holes in seeds",SI,,,,,,,,,,,,,,,,,,
19,January,3,7,0,0,0,0,0,0,0,,SI,,,,,,,,,,,,,,,,,,
19,January,2,4,4,1,0,0,0,0,0,"bore holes in 2 seeds, all seed full of frass",SI,,,,,,,,,,,,,,,,,,
19,January,3,5,0,0,0,0,0,0,0,,SI,,,,,,,,,,,,,,,,,,
8,January,2,5,6,0,0,0,0,0,0,3 nonviable seeds,SI,,,,,,,,,,,,,,,,,,
8,January,3,3,1,1,0,0,0,0,0,a lot of frass throughout the center and in the seed found in cone,SI,,,,,,,,,,,,,,,,,,
8,January,3,6,0,0,0,0,0,0,0,really dry,SI,,,,,,,,,,,,,,,,,,
8,January,2,4,1,1,0,0,0,0,0,frass in center of cone and a bore hole in cone where a seed was,SI,,,,,,,,,,,,,,,,,,
8,January,2,5.5,0,0,0,0,0,0,0,dry inside,SI,,,,,,,,,,,,,,,,,,
8,January,2,6.5,0,0,0,0,0,0,0,,SI,,,,,,,,,,,,,,,,,,
16,January,2,4.5,1,0,1,0,0,0,0,signs of wasp. frass present in seed.,MBF,,,,,,,,,,,,,,,,,,
16,January,2,6,0,0,0,0,0,1,0,1 spider present and silk could be from spider or wasp,MBF,,,,,,,,,,,,,,,,,,
16,January,2,5,0,0,1,0,0,0,0,silk present. 1 non viable seed,MBF,,,,,,,,,,,,,,,,,,
16,January,2,4,0,0,0,0,0,0,0,,MBF,,,,,,,,,,,,,,,,,,
16,January,3,4,0,0,1,0,0,0,0,silk present,MBF,,,,,,,,,,,,,,,,,,
16,January,1,5,0,0,2,0,0,0,0,"1 non viable seed, silk pouch with two egg sacks? Maybe just dense silk?",MBF,,,,,,,,,,,,,,,,,,
16,January,1,3,0,1,0,0,0,2,0,"small, closed and dry, could be a 3. looks like the spider ate the beetle and just left beetle parts. found two spiders and a few other insect parts. I couldn't identitify",MBF,,,,,,,,,,,,,,,,,,
11,January,2,3,0,0,0,0,0,0,0,2 non viable seeds,MBF,,,,,,,,,,,,,,,,,,
11,January,3,3,0,1,0,0,0,1,0,1 spider and some beetle parts,MBF,,,,,,,,,,,,,,,,,,
11,January,2,3,0,0,0,0,0,0,0,very sappy. 1 nonviable seed,MBF,,,,,,,,,,,,,,,,,,
11,January,2,4.5,0,0,1,0,0,0,0,silk present,MBF,,,,,,,,,,,,,,,,,,
11,January,2,4,0,0,0,0,0,0,0,"between a 1 and 2 small, but open on top closed on bottom 1 nonviable seed",MBF,,,,,,,,,,,,,,,,,,
11,January,1,3,0,3,1,0,0,0,0,silk present. beetle parts possibly. lots of frass,MBF,,,,,,,,,,,,,,,,,,
11,January,1,3.5,3,3,3,0,0,0,0,"frass, silk, pink little eggs, 3 larva",MBF,,,,,,,,,,,,,,,,,,
18,January,2,4,1,0,1,0,0,0,0,cocoon?,MBF,,,,,,,,,,,,,,,,,,
18,January,2,3.5,2,0,0,0,0,0,0,,MBF,,,,,,,,,,,,,,,,,,
18,January,3,4,0,0,0,0,0,0,0,,MBF,,,,,,,,,,,,,,,,,,
18,January,3,4,0,0,0,0,0,0,0,,MBF,,,,,,,,,,,,,,,,,,
18,January,3,4,0,0,0,0,0,0,0,,MBF,,,,,,,,,,,,,,,,,,
18,January,3,5,0,0,0,0,0,0,0,1 loose seed in bag 18,MBF,,,,,,,,,,,,,,,,,,
17,January,3,4,0,0,1,0,0,0,1,1 unidentified. silk present...wasp?,MBF,,,,,,,,,,,,,,,,,,
17,January,3,4,0,0,0,0,0,0,0,,MBF,,,,,,,,,,,,,,,,,,
17,January,2,4,0,0,0,0,0,0,0,,MBF,,,,,,,,,,,,,,,,,,
17,January,2,5,0,0,0,0,0,0,0,,MBF,,,,,,,,,,,,,,,,,,
17,January,1,3,0,0,1,0,0,0,0,Cone had been hollowed out. lots of silk. found possible wasp body?,MBF,,,,,,,,,,,,,,,,,,
17,January,1,2,0,0,0,0,0,0,0,"Cone was hollow and full of sap, hard to see anything else",MBF,,,,,,,,,,,,,,,,,,
10,January,3,4,0,0,0,0,0,0,0,,SI,,,,,,,,,,,,,,,,,,
10,January,3,4.5,0,0,0,0,0,0,0,,SI,,,,,,,,,,,,,,,,,,
10,January,2,4,0,0,0,0,0,0,0,Extremely sappy ,SI,,,,,,,,,,,,,,,,,,
10,January,2,6,0,0,0,0,0,0,0,,SI,,,,,,,,,,,,,,,,,,
10,January,1,3,5,0,0,0,0,0,0,3 non viable seeds,SI,,,,,,,,,,,,,,,,,,
10,January,1,6,7,1,0,0,0,0,0,One seed eaten through and hollow ,SI,,,,,,,,,,,,,,,,,,
9,January,2,6,0,0,0,0,0,0,0,,SI,,,,,,,,,,,,,,,,,,
9,January,3,6.5,0,0,0,0,0,0,0,Lots of spider web,SI,,,,,,,,,,,,,,,,,,
9,January,2,4,1,1,1,0,0,0,0,Spider web and frass near middle of cone,SI,,,,,,,,,,,,,,,,,,
9,January,3,5.5,0,0,1,0,0,0,0,small bunch of spiderweb/silk,SI,,,,,,,,,,,,,,,,,,
9,January,2,5,2,0,0,0,0,1,0,Spider,SI,,,,,,,,,,,,,,,,,,
9,January,1,3.5,0,1,0,0,0,0,0,Entire center of cone was frass. Beatle found inside,SI,,,,,,,,,,,,,,,,,,
7,January,2,6,0,0,0,0,0,0,0,,MBF,,,,,,,,,,,,,,,,,,
7,January,2,4,0,0,0,0,0,0,0,very sappy,MBF,,,,,,,,,,,,,,,,,,
7,January,2,5.5,0,0,0,0,0,0,0,,MBF,,,,,,,,,,,,,,,,,,
7,January,2,5,0,0,0,0,0,0,0,,MBF,,,,,,,,,,,,,,,,,,
7,January,3,4.5,0,0,1,0,0,1,0,"1spider, and one unidentified in a cocoon",MBF,,,,,,,,,,,,,,,,,,
7,January,3,4,0,0,0,0,0,0,0,,MBF,,,,,,,,,,,,,,,,,,
15,January,1,4,0,1,0,0,0,0,0,"silk present, 3 non viable eaten seeds, lots of frass. cone was falling apart in bag",MBF,,,,,,,,,,,,,,,,,,
15,January,2,3,1,0,0,0,0,0,0,silk present,MBF,,,,,,,,,,,,,,,,,,
15,January,1,4,21,0,0,0,0,0,0,seed number is not a mistake. Tons of seeds!,MBF,,,,,,,,,,,,,,,,,,
15,January,3,3,0,0,0,0,0,0,0,a little silk,MBF,,,,,,,,,,,,,,,,,,
15,January,2,3,0,0,0,0,0,0,0,silk present. 1 non viable seed,MBF,,,,,,,,,,,,,,,,,,
15,January,1,3.5,0,0,0,0,0,0,0,17 eaten seed cases. frass,MBF,,,,,,,,,,,,,,,,,,
6,January,3,4,0,0,1,0,0,1,0,part of 1 spider found. silk present,MBF,,,,,,,,,,,,,,,,,,
6,January,2,4,0,0,0,1,0,1,0,1 darker spider and 1 unidenitfied..mosquito?,MBF,,,,,,,,,,,,,,,,,,
6,January,2,4,0,0,1,0,0,0,0,2 non viable seeds. silk present. collected silk lump...eggs?,MBF,,,,,,,,,,,,,,,,,,
6,January,1,4,0,2,1,0,0,1,0,Lots of beetle wings/parts in frass. 1 full beetle. spider silk and parts,MBF,,,,,,,,,,,,,,,,,,
6,January,1,2.5,1,0,2,0,0,0,0,2 little bundles of tiny pink eggs. one was laid on a seed.,MBF,,,,,,,,,,,,,,,,,,
6,January,1,4,3,2,3,0,0,0,0,Sap found in the seeds where the beetles were. found 3 bundles of pink eggs,MBF,,,,,,,,,,,,,,,,,,
2,January,3,4,0,0,0,0,0,0,0,,MBF,,,,,,,,,,,,,,,,,,
2,January,3,6,0,0,0,0,0,1,0,spider,MBF,,,,,,,,,,,,,,,,,,
2,January,3,4.5,0,1,0,0,0,1,0,beetle was in spider nest. big beetle,MBF,,,,,,,,,,,,,,,,,,
2,January,2,5,0,0,2,0,0,1,0,silk and 2 pink egg nest...spider eggs?,MBF,,,,,,,,,,,,,,,,,,
2,January,2,6,2,0,0,0,0,0,0,,MBF,,,,,,,,,,,,,,,,,,
2,January,2,4,2,0,0,0,0,0,0,silk present,MBF,,,,,,,,,,,,,,,,,,
4,January,3,3,0,0,0,0,0,0,0,,SI,,,,,,,,,,,,,,,,,,
4,January,2,5,0,0,0,0,0,0,0,,SI,,,,,,,,,,,,,,,,,,
4,January,2,4.5,0,0,0,0,0,0,0,,SI,,,,,,,,,,,,,,,,,,
4,January,2,4,1,0,0,0,0,0,0,,SI,,,,,,,,,,,,,,,,,,
4,January,2,6,1,0,1,0,0,0,0,silk present,SI,,,,,,,,,,,,,,,,,,
4,January,3,4.5,0,0,0,0,0,0,0,,SI,,,,,,,,,,,,,,,,,,
14,January,2,6.5,0,1,1,0,0,0,0,Silk and frass present,SI,,,,,,,,,,,,,,,,,,
14,January,2,5.5,0,0,1,0,0,0,0,silk present,SI,,,,,,,,,,,,,,,,,,
14,January,2,6,0,0,0,0,0,0,0,,SI,,,,,,,,,,,,,,,,,,
14,January,3,4.5,0,1,0,0,0,0,0,bore holes throughout cone,SI,,,,,,,,,,,,,,,,,,
14,January,1,3,1,1,1,0,0,0,0,"silk, bore holes, center of cone was full of frass",SI,,,,,,,,,,,,,,,,,,
14,January,1,3.5,13,1,0,0,0,0,0,"Possibly a beetle found? Bore holes, all seeds contained frass.",SI,,,,,,,,,,,,,,,,,,
10,February ,1,5,0,1,0,0,0,0,0,beetle found and lots of frass,SI,,,,,,,,,,,,,,,,,,
10,February ,2,7,1,0,1,0,0,0,0,silk found,SI,,,,,,,,,,,,,,,,,,
10,February,3,4,0,0,0,0,0,0,0,lots of sap,SI,,,,,,,,,,,,,,,,,,
10,February,1,3.5,0,1,1,0,0,0,0,perhaps a cocoon ,SI,,,,,,,,,,,,,,,,,,
10,February,3,4,0,0,0,0,0,0,0,,SI,,,,,,,,,,,,,,,,,,
10,February,2,6.5,3,0,1,0,0,0,0,silk found and non viable seeds,SI,,,,,,,,,,,,,,,,,,
9,February,2,6,0,0,0,0,0,0,0,bore holes found,SI,,,,,,,,,,,,,,,,,,
9,February,3,5,0,0,0,0,0,0,0,,SI,,,,,,,,,,,,,,,,,,
9,February,2,5,0,0,0,0,0,0,0,,SI,,,,,,,,,,,,,,,,,,
9,February,2,5,3,1,0,0,0,0,0,Bore holes all over. One in seed and was full of frass. 1 of 3 seeds was not developed,SI,,,,,,,,,,,,,,,,,,
9,February,1,2.5,0,1,0,0,0,0,0,Lots of frass and bore holes,SI,,,,,,,,,,,,,,,,,,
9,February,3,5.5,0,0,0,0,0,0,0,,SI,,,,,,,,,,,,,,,,,,
8,February,3,5.5,0,0,0,0,0,0,0,Bore holes,SI,,,,,,,,,,,,,,,,,,
8,February,2,4,1,1,0,0,0,0,0,A lot of frass,SI,,,,,,,,,,,,,,,,,,
8,February,2,3.5,0,0,0,0,0,0,0,,SI,,,,,,,,,,,,,,,,,,
8,February,2,4,0,0,1,0,0,0,0,silk  found,SI,,,,,,,,,,,,,,,,,,
8,February,3,3,4,0,1,0,0,0,0,silk found externally. 3 nonviable seeds. Frass throughout ,SI,,,,,,,,,,,,,,,,,,
8,February,1,4,7,1,0,0,0,0,0,"Loose seed in bag and a beetle inside. silk, frass, dark sap in the bottom",SI,,,,,,,,,,,,,,,,,,
7,February,2,6,3,0,0,0,0,0,0,Nonviable seeds,SI,,,,,,,,,,,,,,,,,,
7,February,2,7.5,0,0,0,0,0,0,0,,SI,,,,,,,,,,,,,,,,,,
7,February,2,4.5,0,0,0,0,0,0,0,,SI,,,,,,,,,,,,,,,,,,
7,February,3,5.5,1,0,0,0,0,0,0,,SI,,,,,,,,,,,,,,,,,,
7,February,3,5,0,0,0,0,0,0,0,,SI,,,,,,,,,,,,,,,,,,
7,February,3,5,0,0,0,0,0,0,0,Very dry and brittle,SI,,,,,,,,,,,,,,,,,,
6,February,2,5,0,0,0,0,0,0,1,Insect found?,SI,,,,,,,,,,,,,,,,,,
6,February,3,5.5,2,0,1,0,0,0,0,Silk found and nonviable seeds,SI,,,,,,,,,,,,,,,,,,
6,February,2,4.5,3,0,0,0,0,0,0,2 nonviable seed,SI,,,,,,,,,,,,,,,,,,
6,February,1,4,3,0,1,0,0,0,0,Silk found and eaten seeds,SI,,,,,,,,,,,,,,,,,,
6,February,1,3,0,2,0,0,0,0,0,,SI,,,,,,,,,,,,,,,,,,
6,February,1,5,0,1,1,1,0,0,0,silk and maybe an ant found?,SI,,,,,,,,,,,,,,,,,,
5,February,2,4.5,4,0,0,0,0,0,0,,SI,,,,,,,,,,,,,,,,,,
5,February,3,5,1,0,0,0,0,0,0,,SI,,,,,,,,,,,,,,,,,,
5,February,2,4,6,0,0,0,0,0,0,,SI,,,,,,,,,,,,,,,,,,
5,February,3,5,0,0,0,0,0,0,0,,SI,,,,,,,,,,,,,,,,,,
5,February,1,2.5,0,1,0,0,0,0,0,Bore holes and dark orange frass,SI,,,,,,,,,,,,,,,,,,
5,February,2,4,7,0,0,0,0,0,0,5nonviable seeds,SI,,,,,,,,,,,,,,,,,,
4,February,3,6,0,0,1,0,0,0,0,Silk present,SI,,,,,,,,,,,,,,,,,,
4,February,2,3,0,0,0,0,0,0,0,,SI,,,,,,,,,,,,,,,,,,
4,February,3,5,0,0,0,0,0,0,0,silk,SI,,,,,,,,,,,,,,,,,,
4,February,2,5.5,0,0,0,0,0,0,0,,SI,,,,,,,,,,,,,,,,,,
4,February,1,3,1,0,1,0,0,0,0,egg/cocoon found ,SI,,,,,,,,,,,,,,,,,,
4,February,2,5.5,0,0,0,0,0,0,0,,SI,,,,,,,,,,,,,,,,,,
19,February,3,3,0,0,1,0,0,0,0,silk/cocoon,MBF,,,,,,,,,,,,,,,,,,
19,February,2,4,0,0,0,0,0,0,0,,MBF,,,,,,,,,,,,,,,,,,
19,February,2,4,1,0,2,1,0,0,0,2 egg bundles. 1 had white eggs. 2nd had tiny brown/tan larvae,MBF,,,,,,,,,,,,,,,,,,
19,February,2,4.5,2,1,5,0,0,0,0,"1 egg bundle. 4 eggs or tiny cocoons, 2 additional nonviable seeds",MBF,,,,,,,,,,,,,,,,,,
19,February,1,5,4,0,2,1,0,1,0,"1 spider, 2 egg bundles, 1 winged insect",MBF,,,,,,,,,,,,,,,,,,
19,February,1,3,0,2,1,0,0,0,0,"2 beetle parts, 1 egg bundle, lots of frass",MBF,,,,,,,,,,,,,,,,,,
3,February,2,7,0,0,0,0,0,0,0,,SI,,,,,,,,,,,,,,,,,,
3,February,3,6,0,0,0,0,0,0,0,,SI,,,,,,,,,,,,,,,,,,
3,February,3,5.5,0,0,0,0,0,0,0,silk found throughout,SI,,,,,,,,,,,,,,,,,,
3,February,2,6,5,0,0,0,0,0,0,3 out of 5 seeds nonviable ,SI,,,,,,,,,,,,,,,,,,
3,February,2,4.5,2,0,0,0,0,0,0,One bore hole on cone and small amount of frass,SI,,,,,,,,,,,,,,,,,,
3,February,3,5.5,0,0,0,0,0,0,0,Extremely dry cone,SI,,,,,,,,,,,,,,,,,,
20,February,3,5,0,0,0,0,0,0,0,,SI,,,,,,,,,,,,,,,,,,
20,February,2,4.5,2,0,0,0,0,0,0,2nonviable seeds,SI,,,,,,,,,,,,,,,,,,
20,February,2,7,7,0,1,0,0,0,0,silk present near base,SI,,,,,,,,,,,,,,,,,,
20,February,3,5.5,0,0,0,0,0,0,0,,SI,,,,,,,,,,,,,,,,,,
20,February,1,6,12,1,0,0,0,0,0,"Bore holes in seeds. Frass, but no insect found",SI,,,,,,,,,,,,,,,,,,
20,February,1,5,7,1,0,0,0,0,0,Lots of frass internally. No insects found,SI,,,,,,,,,,,,,,,,,,
2,February,3,4.5,2,0,0,0,0,0,0,Some frass near center,SI,,,,,,,,,,,,,,,,,,
2,February,2,5,1,0,0,0,0,0,0,Silk,SI,,,,,,,,,,,,,,,,,,
2,February,2,5.5,2,0,0,0,0,0,0,Seeds nonviable ,SI,,,,,,,,,,,,,,,,,,
2,February,3,6.5,0,0,0,0,0,0,0,,SI,,,,,,,,,,,,,,,,,,
2,February,3,5.5,0,0,0,0,0,0,0,,SI,,,,,,,,,,,,,,,,,,
2,February,2,4,3,0,0,0,0,0,0,Nonviable seeds,SI,,,,,,,,,,,,,,,,,,
21,February,3,4,0,0,0,0,0,0,0,,MBF,,,,,,,,,,,,,,,,,,
21,February,3,4.5,0,0,0,0,0,0,0,,MBF,,,,,,,,,,,,,,,,,,
21,February,2,5,0,0,0,0,0,2,0,spiders and silk,MBF,,,,,,,,,,,,,,,,,,
21,February,2,4,1,0,1,0,0,3,0,3 baby spiders and eggs lots of silk all found in the seed,MBF,,,,,,,,,,,,,,,,,,
21,February,2,5,0,0,0,0,0,0,0,"silk, burr holes in cone",MBF,,,,,,,,,,,,,,,,,,
21,February,1,3.5,0,0,0,0,0,0,0,cone was very young with soft green center,MBF,,,,,,,,,,,,,,,,,,
18,February,3,4,0,0,0,0,0,0,0,cone was small and fell apart in the bag,MBF,,,,,,,,,,,,,,,,,,
18,February,3,4,0,0,0,0,0,0,0,,MBF,,,,,,,,,,,,,,,,,,
18,February,3,3.5,0,0,0,0,0,0,0,2 nonviable seeds,MBF,,,,,,,,,,,,,,,,,,
18,February,2,4.5,0,0,0,0,0,0,0,silk,MBF,,,,,,,,,,,,,,,,,,
18,February,2,4,4,3,1,0,0,0,0,1 egg varrious beetle parts and frass in seeds,MBF,,,,,,,,,,,,,,,,,,
18,February,2,4,0,0,0,0,0,0,0,lots of sap,MBF,,,,,,,,,,,,,,,,,,
11,February,3,3,0,0,2,0,0,0,0,2 egg bundles,MBF,,,,,,,,,,,,,,,,,,
11,February,3,4,0,0,2,4,0,0,0,4 egg bundles,MBF,,,,,,,,,,,,,,,,,,
11,February,2,7,0,0,0,4,0,1,0,1 spider 2 winged green insect,MBF,,,,,,,,,,,,,,,,,,
11,February,2,4,1,0,2,0,0,2,0,2 spiders 2 nonviable seeds 2 egg bundles,MBF,,,,,,,,,,,,,,,,,,
11,February,2,5,4,0,0,0,0,0,0,,MBF,,,,,,,,,,,,,,,,,,
11,February,1,3,1,2,0,0,1,0,1,"frass, 1 small orange catipiler?",MBF,,,,,,,,,,,,,,,,,,
12,February,3,4,0,0,0,0,0,2,0,2 spiders in egg bundels,MBF,,,,,,,,,,,,,,,,,,
12,February,3,3,0,0,2,2,0,0,0,2 spiders 2 small yellow/orange bugs 3 egg bundels,MBF,,,,,,,,,,,,,,,,,,
12,February,2,3,0,0,0,0,0,1,0,1 spider with egg nest,MBF,,,,,,,,,,,,,,,,,,
12,February,2,6,0,0,0,0,0,1,0,spider,MBF,,,,,,,,,,,,,,,,,,
12,February,1,5,0,13,0,0,1,1,0,"beetle parts, frass, spider leg, 1 yellow insect dry closed cone",MBF,,,,,,,,,,,,,,,,,,
12,February,1,6,8,0,0,0,0,0,0,,MBF,,,,,,,,,,,,,,,,,,
13,February,1,3,0,0,0,0,0,0,0,young cone still developing,MBF,,,,,,,,,,,,,,,,,,
13,February,1,5,0,0,0,0,0,0,0,2 nonviable seeds,MBF,,,,,,,,,,,,,,,,,,
13,February,2,4,0,0,0,0,0,1,0,spider and egg nest,MBF,,,,,,,,,,,,,,,,,,
13,February,2,5,0,0,0,0,0,1,0,spider  ,MBF,,,,,,,,,,,,,,,,,,
13,February,3,4,0,0,0,0,0,0,0,,MBF,,,,,,,,,,,,,,,,,,
13,February,2,4,0,0,0,0,0,1,0,spider,MBF,,,,,,,,,,,,,,,,,,
14,February,3,5,0,0,0,0,0,0,0,Lots of silk on bottom  of cone,SI,,,,,,,,,,,,,,,,,,
14,February,3,4,0,0,0,0,0,0,0,,SI,,,,,,,,,,,,,,,,,,
14,February,3,5,0,0,0,0,0,1,0,spider,SI,,,,,,,,,,,,,,,,,,
14,February,2,4.5,1,0,0,0,0,0,0,Non viable seed,SI,,,,,,,,,,,,,,,,,,
14,February,2,4,1,0,0,0,0,0,0,,SI,,,,,,,,,,,,,,,,,,
14,February,1,3.5,0,0,1,0,0,0,0,lots of frass and silk internally. No insect found,SI,,,,,,,,,,,,,,,,,,
15,February,1,2.5,0,2,0,0,0,0,0,Frass and silk!,SI,,,,,,,,,,,,,,,,,,
15,February,2,5,0,0,0,0,0,0,0,,SI,,,,,,,,,,,,,,,,,,
15,February,3,4.5,13,1,0,0,1,1,0,"Piece of a beetle, spider, larvae? Seed overtaken with wasp silk.",SI,"Seed, spider and larvae in vile.",,,,,,,,,,,,,,,,,
15,February,2,5.5,0,0,0,0,0,0,0,,SI,,,,,,,,,,,,,,,,,,
15,February,2,5,0,0,1,0,0,0,0,Wasp larvae,SI,,,,,,,,,,,,,,,,,,
15,February,3,5,0,0,0,0,0,0,0,,SI,,,,,,,,,,,,,,,,,,
16,February,2,4.5,0,0,0,0,0,0,0,,SI,,,,,,,,,,,,,,,,,,
16,February,3,5,0,0,0,0,0,0,0,,SI,,,,,,,,,,,,,,,,,,
16,February,2,5.5,6,0,0,0,0,0,0,Nonviable seed,SI,,,,,,,,,,,,,,,,,,
16,February,2,4,1,0,0,0,0,0,0,non viable seed,SI,,,,,,,,,,,,,,,,,,
16,February,3,4.5,0,0,0,0,0,0,0,Silk present,SI,,,,,,,,,,,,,,,,,,
16,February,1,3,0,1,0,0,0,0,0,Beetle pieces present,SI,,,,,,,,,,,,,,,,,,
17,February,2,5.5,0,0,0,0,0,0,0,,SI,,,,,,,,,,,,,,,,,,
17,February,3,4,0,0,1,0,0,0,0,Wasp larvae,SI,,,,,,,,,,,,,,,,,,
17,February,2,5,0,0,0,0,0,0,0,,SI,,,,,,,,,,,,,,,,,,
17,February,3,5,0,0,0,0,0,0,0,,SI,,,,,,,,,,,,,,,,,,
17,February,2,5.5,0,0,0,0,0,0,0,,SI,,,,,,,,,,,,,,,,,,
17,February,1,3.5,4,0,0,0,0,0,0,frass ,SI,,,,,,,,,,,,,,,,,,
8,March,3,4,0,0,0,0,0,0,0,Very brittle,SI,,,,,,,,,,,,,,,,,,
8,March,3,6,0,0,0,0,0,0,0,Silk,SI,,,,,,,,,,,,,,,,,,
8,March,3,5,1,0,0,0,0,0,0,frass near center,SI,,,,,,,,,,,,,,,,,,
8,March,2,5,1,0,0,0,0,0,0,,SI,,,,,,,,,,,,,,,,,,
8,March,2,4.5,1,0,0,0,0,0,0,,SI,,,,,,,,,,,,,,,,,,
8,March,1,3.5,0,1,0,0,0,0,0,frass entire center of cone. Wasp Silk present throughout,SI,,,,,,,,,,,,,,,,,,
4,March,3,6.5,0,0,0,0,0,0,0,,SI,,,,,,,,,,,,,,,,,,
4,March,1,3,1,1,1,0,0,1,0,"beetle piece found, wasp larvae, sac?, spider",SI,,,,,,,,,,,,,,,,,,
4,March,2,5.5,1,0,0,0,0,0,0,,SI,,,,,,,,,,,,,,,,,,
4,March,3,6,0,0,1,0,0,1,0,wasp larvae and spider bits,SI,,,,,,,,,,,,,,,,,,
4,March,2,5.5,1,0,0,0,0,0,0,Nonviable seed,SI,,,,,,,,,,,,,,,,,,
4,March,1,3.5,0,0,1,0,0,0,0,Wasp larvae ,SI,,,,,,,,,,,,,,,,,,
7,March,2,5,0,0,0,0,0,0,0,,SI,,,,,,,,,,,,,,,,,,
7,March,3,5.5,0,0,0,0,0,0,0,,SI,,,,,,,,,,,,,,,,,,
7,March,2,5.5,0,0,0,0,0,0,0,,SI,,,,,,,,,,,,,,,,,,
7,March,2,5.5,0,0,0,0,0,0,0,some silk near base,SI,,,,,,,,,,,,,,,,,,
7,March,3,6,0,0,0,0,0,0,0,,SI,,,,,,,,,,,,,,,,,,
7,March,3,5,0,0,0,0,0,0,0,Silk near base ,SI,,,,,,,,,,,,,,,,,,
6,March,1,4,0,0,0,1,0,0,0,all seeds eaten and frassy ,SI,,,,,,,,,,,,,,,,,,
6,March,1,3,2,2,0,0,0,0,0,Larvae and frassy center with nonviable seed,SI,,,,,,,,,,,,,,,,,,
6,March,3,5.5,0,0,0,0,0,0,0,,SI,,,,,,,,,,,,,,,,,,
6,March,2,5.5,0,0,0,0,0,0,0,,SI,,,,,,,,,,,,,,,,,,
6,March,2,5,1,0,0,0,0,0,0,,SI,,,,,,,,,,,,,,,,,,
6,March,2,4.5,0,0,0,0,0,0,0,,SI,,,,,,,,,,,,,,,,,,
5,March,2,6,4,0,0,0,0,0,0,heavy resin,MR,,,,,,,,,,,,,,,,,,
5,March,3,6,0,0,0,0,0,0,0,,MR,,,,,,,,,,,,,,,,,,
5,March,3,5,0,0,0,0,0,0,0,,MR,,,,,,,,,,,,,,,,,,
5,March,1,6,0,0,0,0,0,0,0,,MR,,,,,,,,,,,,,,,,,,
5,March,2,7,0,0,0,0,0,0,0,,MR,,,,,,,,,,,,,,,,,,
5,March,2,5.5,0,0,0,0,0,0,0,,MR,,,,,,,,,,,,,,,,,,
21,March,2,6.5,0,0,0,0,0,0,0,,MR,,,,,,,,,,,,,,,,,,
21,March,2,7,1,0,0,0,0,0,0,,MR,,,,,,,,,,,,,,,,,,
21,March,2,6,0,1,0,0,0,0,0,,MR,,,,,,,,,,,,,,,,,,
21,March,3,6,0,0,0,0,0,0,0,,MR,,,,,,,,,,,,,,,,,,
21,March,3,6.5,0,0,0,0,0,0,0,,MR,,,,,,,,,,,,,,,,,,
3,March,3,8,0,0,0,0,0,0,0,,MR,,,,,,,,,,,,,,,,,,
3,March,2,8,0,0,0,0,0,0,0,,MR,,,,,,,,,,,,,,,,,,
3,March,2,9,0,0,1,0,0,0,0,,MR,,,,,,,,,,,,,,,,,,
3,March,3,9.5,0,0,0,0,0,0,0,,MR,,,,,,,,,,,,,,,,,,
3,March,3,7,0,0,0,0,0,0,0,,MR,,,,,,,,,,,,,,,,,,
3,March,2,8,0,0,0,0,0,0,0,,MR,,,,,,,,,,,,,,,,,,
2,March,3,7,0,0,0,0,0,0,0,,MR,,,,,,,,,,,,,,,,,,
2,March,3,7,0,0,0,0,0,0,0,,MR,,,,,,,,,,,,,,,,,,
2,March,2,7,0,0,0,0,0,0,0,,MR,,,,,,,,,,,,,,,,,,
2,March,2,6,0,0,0,0,0,0,0,,MR,,,,,,,,,,,,,,,,,,
2,March,2,5.5,2,0,0,0,0,0,0,,MR,,,,,,,,,,,,,,,,,,
2,March,2,7,0,0,0,0,0,0,0,,MR,,,,,,,,,,,,,,,,,,
16,March,1,6,0,2,0,0,0,0,0,,MR,,,,,,,,,,,,,,,,,,
16,March,3,6,0,0,0,0,0,0,0,,MR,,,,,,,,,,,,,,,,,,
16,March,3,6,0,0,0,0,0,0,0,,MR,,,,,,,,,,,,,,,,,,
16,March,2,6,0,0,0,0,0,0,0,,MR,,,,,,,,,,,,,,,,,,
16,March,2,7,0,0,0,0,0,0,0,,MR,,,,,,,,,,,,,,,,,,
16,March,2,7,1,0,0,0,0,0,0,,MR,,,,,,,,,,,,,,,,,,
15,March,3,4,0,0,0,0,0,0,0,,MR,,,,,,,,,,,,,,,,,,
15,March,2,6,0,0,0,0,0,0,0,,MR,,,,,,,,,,,,,,,,,,
15,March,2,4.5,2,0,0,0,0,0,0,,MR,,,,,,,,,,,,,,,,,,
15,March,2,5,0,0,0,0,0,0,0,,MR,,,,,,,,,,,,,,,,,,
15,March,1,4,0,0,0,0,0,0,0,,MR,,,,,,,,,,,,,,,,,,
15,March,1,6,0,0,0,0,0,0,0,,MR,,,,,,,,,,,,,,,,,,
13,March,1,6,0,0,0,0,0,0,0,,MR,,,,,,,,,,,,,,,,,,
13,March,2,6,0,0,0,0,0,0,0,,MR,,,,,,,,,,,,,,,,,,
13,March,2,6,0,0,0,0,0,0,0,,MR,,,,,,,,,,,,,,,,,,
13,March,2,6,0,0,0,0,1,0,0,large cacoon,MR,,,,,,,,,,,,,,,,,,
13,March,3,4,0,0,0,0,0,0,0,,MR,,,,,,,,,,,,,,,,,,
13,March,3,4,0,0,0,0,0,0,0,,MR,,,,,,,,,,,,,,,,,,
14,March,3,6,0,0,0,0,0,0,0,,MR,,,,,,,,,,,,,,,,,,
14,March,3,6.5,0,0,0,0,0,0,0,,MR,,,,,,,,,,,,,,,,,,
14,March,2,5,0,0,0,0,0,0,0,,MR,,,,,,,,,,,,,,,,,,
14,March,3,5,0,0,0,0,0,0,0,,MR,,,,,,,,,,,,,,,,,,
14,March,2,6,0,0,0,0,0,0,0,,MR,,,,,,,,,,,,,,,,,,
14,March,2,6,0,0,0,0,0,0,0,,MR,,,,,,,,,,,,,,,,,,
12,March,3,6,0,0,0,0,0,0,0,,MR,,,,,,,,,,,,,,,,,,
12,March,3,6,0,0,0,0,0,0,0,,MR,,,,,,,,,,,,,,,,,,
12,March,1,5.5,0,0,0,0,0,0,0,,MR,,,,,,,,,,,,,,,,,,
12,March,1,3.5,0,0,0,0,0,0,1,frass,MR,,,,,,,,,,,,,,,,,,
12,March,2,4.5,0,0,0,0,0,0,0,,MR,,,,,,,,,,,,,,,,,,
12,March,2,6,0,0,0,0,0,0,0,,MR,,,,,,,,,,,,,,,,,,
11,March,3,5,0,0,0,0,0,0,0,,MR,,,,,,,,,,,,,,,,,,
11,March,3,7,0,0,0,0,0,0,0,,MR,,,,,,,,,,,,,,,,,,
11,March,2,4,2,0,0,0,0,0,0,,MR,,,,,,,,,,,,,,,,,,
11,March,1,6,0,3,0,0,0,0,0,,MR,,,,,,,,,,,,,,,,,,
11,March,2,4,0,0,0,0,0,0,0,,MR,,,,,,,,,,,,,,,,,,
11,March,2,3,0,0,0,0,0,0,0,,MR,,,,,,,,,,,,,,,,,,
10,March,3,4.5,0,0,0,0,0,0,0,,MR,,,,,,,,,,,,,,,,,,
10,March,3,3,0,0,0,0,0,0,0,,MR,,,,,,,,,,,,,,,,,,
10,March,1,5.5,5,6,0,0,0,0,0,,MR,,,,,,,,,,,,,,,,,,
10,March,1,7,6,0,0,0,0,0,0,,MR,,,,,,,,,,,,,,,,,,
10,March,3,6,0,0,0,0,0,0,0,,MR,,,,,,,,,,,,,,,,,,
10,March,3,5,0,0,0,0,0,0,0,,MR,,,,,,,,,,,,,,,,,,
9,March,3,5,0,0,0,0,0,0,0,,MR,,,,,,,,,,,,,,,,,,
9,March,3,6,0,0,0,0,0,0,0,,MR,,,,,,,,,,,,,,,,,,
9,March,3,6,0,0,0,0,0,0,0,,MR,,,,,,,,,,,,,,,,,,
9,March,2,7,0,0,0,0,0,0,0,,MR,,,,,,,,,,,,,,,,,,
9,March,2,7.5,2,0,0,0,0,0,0,,MR,,,,,,,,,,,,,,,,,,
9,March,2,7,0,0,0,0,0,0,0,,MR,,,,,,,,,,,,,,,,,,
17,March,2,6,0,0,0,0,0,0,0,,MR,,,,,,,,,,,,,,,,,,
17,March,3,9,0,0,0,0,0,0,0,,MR,,,,,,,,,,,,,,,,,,
17,March,2,6,0,0,0,0,0,0,0,,MR,,,,,,,,,,,,,,,,,,
17,March,2,5,0,0,0,0,0,0,0,,MR,,,,,,,,,,,,,,,,,,
17,March,2,6,0,0,0,0,0,0,0,,MR,,,,,,,,,,,,,,,,,,
17,March,1,3,0,0,0,0,0,0,0,small of the year cone,MR,,,,,,,,,,,,,,,,,,
18,March,3,6,0,0,0,0,0,0,0,,MR,,,,,,,,,,,,,,,,,,
18,March,3,4,0,0,0,0,0,0,0,,MR,,,,,,,,,,,,,,,,,,
18,March,2,6,3,0,1,0,0,0,0,,MR,,,,,,,,,,,,,,,,,,
18,March,2,7,0,0,0,0,0,0,0,,MR,,,,,,,,,,,,,,,,,,
18,March,1,6,2,2,0,0,0,0,0,lots of frass,MR,,,,,,,,,,,,,,,,,,
18,March,3,4,0,0,0,0,0,0,0,,MR,,,,,,,,,,,,,,,,,,
19,March,2,6,0,0,0,0,0,0,0,,MR,,,,,,,,,,,,,,,,,,
19,March,2,6,0,0,0,0,0,0,0,,MR,,,,,,,,,,,,,,,,,,
19,March,3,5.5,0,0,0,0,0,0,0,,MR,,,,,,,,,,,,,,,,,,
19,March,2,5,0,0,0,0,0,0,0,,MR,,,,,,,,,,,,,,,,,,
19,March,3,5,0,0,0,0,0,0,0,,MR,,,,,,,,,,,,,,,,,,
19,March,3,3.5,0,0,0,0,0,0,0,,MR,,,,,,,,,,,,,,,,,,
20,March,3,5,0,0,0,0,0,0,0,,MR,,,,,,,,,,,,,,,,,,
20,March,3,5.5,0,0,0,0,0,0,0,,MR,,,,,,,,,,,,,,,,,,
20,March,2,5,0,0,0,0,0,0,0,,MR,,,,,,,,,,,,,,,,,,
20,March,2,6,0,0,0,0,0,0,0,,MR,,,,,,,,,,,,,,,,,,
20,March,2,6,0,0,0,0,0,0,0,,MR,,,,,,,,,,,,,,,,,,
20,March,1,8,5,2,0,0,0,0,0,,MR,,,,,,,,,,,,,,,,,,
8,April,3,6,0,0,0,0,0,0,0,,MR,,,,,,,,,,,,,,,,,,
8,April,2,8,2,0,0,0,0,0,0,,MR,,,,,,,,,,,,,,,,,,
8,April,2,6,3,3,0,0,0,0,0,,MR,,,,,,,,,,,,,,,,,,
8,April,2,7,0,0,0,0,0,0,0,,MR,,,,,,,,,,,,,,,,,,
8,April,2,7,0,0,0,0,0,0,0,,MR,,,,,,,,,,,,,,,,,,
8,April,1,4,1,1,0,0,0,0,0,,MR,,,,,,,,,,,,,,,,,,
7,April,3,6,0,0,0,0,0,0,0,,MR,,,,,,,,,,,,,,,,,,
7,April,3,7,0,0,0,0,0,0,0,,MR,,,,,,,,,,,,,,,,,,
7,April,2,7,1,1,0,1,0,0,0,,MR,,,,,,,,,,,,,,,,,,
7,April,3,6.5,0,0,0,0,0,0,0,,MR,,,,,,,,,,,,,,,,,,
7,April,2,7,0,0,0,0,0,0,0,,MR,,,,,,,,,,,,,,,,,,
7,April,2,7,0,0,0,0,0,0,0,,MR,,,,,,,,,,,,,,,,,,
6,April,1,8,0,5,0,0,0,0,0,,MR,,,,,,,,,,,,,,,,,,
6,April,2,7,1,0,0,0,0,0,0,,MR,,,,,,,,,,,,,,,,,,
6,April,2,5,1,1,0,0,0,0,0,,MR,,,,,,,,,,,,,,,,,,
6,April,3,5,0,0,0,0,0,0,0,,MR,,,,,,,,,,,,,,,,,,
6,April,1,6,4,1,0,0,0,0,0,,MR,,,,,,,,,,,,,,,,,,
6,April,2,7,1,0,0,0,0,0,0,,MR,,,,,,,,,,,,,,,,,,
5,April,3,5,0,0,0,0,0,0,0,,MR,,,,,,,,,,,,,,,,,,
5,April,3,5,0,0,0,0,0,0,0,,MR,,,,,,,,,,,,,,,,,,
5,April,2,7,3,0,0,0,0,0,0,,MR,,,,,,,,,,,,,,,,,,
5,April,3,6,0,0,0,0,0,0,0,,MR,,,,,,,,,,,,,,,,,,
5,April,1,4,0,0,1,0,0,0,0,,MR,,,,,,,,,,,,,,,,,,
5,April,1,4,0,3,0,0,0,0,0,,MR,,,,,,,,,,,,,,,,,,
4,April,3,6,0,0,0,0,0,0,0,,MR,,,,,,,,,,,,,,,,,,
4,April,3,7,0,0,0,0,0,0,0,,MR,,,,,,,,,,,,,,,,,,
4,April,1,9,4,0,0,0,0,0,0,,MR,,,,,,,,,,,,,,,,,,
4,April,2,7,1,1,0,0,0,0,0,,MR,,,,,,,,,,,,,,,,,,
4,April,2,7,0,0,0,0,0,0,0,,MR,,,,,,,,,,,,,,,,,,
4,April,1,5,0,1,0,0,0,0,0,,MR,,,,,,,,,,,,,,,,,,
21,April,3,5,0,0,0,0,0,0,0,,MR,,,,,,,,,,,,,,,,,,
21,April,3,5,0,0,0,0,0,0,0,,MR,,,,,,,,,,,,,,,,,,
21,April,2,6,0,0,0,0,0,0,0,,MR,,,,,,,,,,,,,,,,,,
21,April,3,6,0,0,0,0,0,0,0,,MR,,,,,,,,,,,,,,,,,,
21,April,2,5,0,0,0,0,0,0,0,,MR,,,,,,,,,,,,,,,,,,
3,April,3,8,0,0,0,0,0,0,0,,MR,,,,,,,,,,,,,,,,,,
3,April,3,8,0,0,0,0,0,0,0,,MR,,,,,,,,,,,,,,,,,,
3,April,2,8,0,0,0,0,0,0,0,,MR,,,,,,,,,,,,,,,,,,
3,April,2,8,0,0,0,0,0,0,0,,MR,,,,,,,,,,,,,,,,,,
3,April,2,5,0,0,0,0,0,0,0,,MR,,,,,,,,,,,,,,,,,,
3,April,2,7,0,0,0,0,0,0,0,,MR,,,,,,,,,,,,,,,,,,
2,April,2,7,0,0,0,0,0,0,0,,MR,,,,,,,,,,,,,,,,,,
2,April,2,7,1,0,0,0,0,0,0,,MR,,,,,,,,,,,,,,,,,,
2,April,3,7,0,0,0,0,0,0,0,,MR,,,,,,,,,,,,,,,,,,
2,April,3,7,0,0,0,0,0,0,0,,MR,,,,,,,,,,,,,,,,,,
2,April,2,7,0,0,0,0,0,0,0,,MR,,,,,,,,,,,,,,,,,,
14,April,3,5,0,0,0,0,0,0,0,,MR,,,,,,,,,,,,,,,,,,
14,April,1,7,0,3,0,0,0,0,0,,MR,,,,,,,,,,,,,,,,,,
14,April,3,6.5,0,0,0,0,0,0,0,,MR,,,,,,,,,,,,,,,,,,
14,April,2,6,0,0,0,0,0,0,0,,MR,,,,,,,,,,,,,,,,,,
14,April,2,6,0,0,0,0,0,0,0,,MR,,,,,,,,,,,,,,,,,,
14,April,1,7,2,1,1,0,0,0,0,,MR,,,,,,,,,,,,,,,,,,
20,April,2,7,14,8,0,0,0,0,0,,MR,,,,,,,,,,,,,,,,,,
20,April,3,5,0,0,0,0,0,0,0,,MR,,,,,,,,,,,,,,,,,,
20,April,3,5,0,0,0,0,0,0,0,,MR,,,,,,,,,,,,,,,,,,
20,April,2,6,8,6,0,0,0,0,0,,MR,,,,,,,,,,,,,,,,,,
20,April,1,7,2,0,1,0,0,0,0,,MR,,,,,,,,,,,,,,,,,,
20,April,1,6,4,0,1,0,0,0,0,,MR,,,,,,,,,,,,,,,,,,
19,April,3,6,0,0,0,0,0,0,0,,MR,,,,,,,,,,,,,,,,,,
19,April,3,5,0,0,0,0,0,0,0,,MR,,,,,,,,,,,,,,,,,,
19,April,2,6,0,0,0,0,0,0,0,,MR,,,,,,,,,,,,,,,,,,
19,April,2,6,0,0,0,0,0,0,0,,MR,,,,,,,,,,,,,,,,,,
19,April,3,2,0,1,0,0,0,0,0,,MR,,,,,,,,,,,,,,,,,,
19,April,1,6,7,4,0,0,0,0,0,,MR,,,,,,,,,,,,,,,,,,
17,April,3,5,0,0,0,0,0,0,0,,MR,,,,,,,,,,,,,,,,,,
17,April,2,4,0,0,0,0,0,0,0,,MR,,,,,,,,,,,,,,,,,,
17,April,2,4,0,0,0,0,0,0,0,,MR,,,,,,,,,,,,,,,,,,
17,April,2,6,0,0,0,0,0,0,0,,MR,,,,,,,,,,,,,,,,,,
17,April,2,5,0,0,0,0,0,0,0,,MR,,,,,,,,,,,,,,,,,,
17,April,2,5,0,0,0,0,0,0,0,,MR,,,,,,,,,,,,,,,,,,
16,April,3,5,0,0,0,0,0,0,0,,MR,,,,,,,,,,,,,,,,,,
16,April,2,6,1,0,0,0,0,0,0,,MR,,,,,,,,,,,,,,,,,,
16,April,2,7,0,0,0,0,0,0,0,,MR,,,,,,,,,,,,,,,,,,
16,April,1,4,0,0,1,0,0,0,0,,MR,,,,,,,,,,,,,,,,,,
16,April,2,5,0,0,0,0,0,0,0,,MR,,,,,,,,,,,,,,,,,,
16,April,2,5,0,0,0,0,0,0,0,,MR,,,,,,,,,,,,,,,,,,
15,April,3,5,0,0,0,0,0,0,0,,MR,,,,,,,,,,,,,,,,,,
15,April,2,6,0,0,0,0,0,0,0,,MR,,,,,,,,,,,,,,,,,,
15,April,2,6,0,0,0,0,0,0,0,,MR,,,,,,,,,,,,,,,,,,
15,April,2,5,0,0,0,0,0,0,0,,MR,,,,,,,,,,,,,,,,,,
15,April,3,5,0,0,0,0,0,0,0,,MR,,,,,,,,,,,,,,,,,,
15,April,1,9,6,1,1,0,0,0,0,,MR,,,,,,,,,,,,,,,,,,
15,April,2,5,0,0,0,0,0,0,0,,MR,,,,,,,,,,,,,,,,,,
11,April,2,4,0,0,0,0,0,0,3,"1 web, 2 pink egg bundles in silk",MF,,,,,,,,,,,,,,,,,,
11,April,2,4,0,,,,,,3,"1 green insect in sack..probably wasp, 1 yellow probably wasp in a sack, 1 adult insect 6 legs, hairy brown and white striped",MF,,,,,,,,,,,,,,,,,,
11,April,3,3,0,,,,,,2,pink egg bundles,MF,,,,,,,,,,,,,,,,,,
11,April,1,5,8,,,,,,3,pink egg bundles,MF,,,,,,,,,,,,,,,,,,
11,April,1,5,0,,,,,,3,"2 yellow larva insect body shape. 1 orange larva worm shape. there were seeds, but i had to cut the whole cone and they were all eaten so idk how many",MF,,,,,,,,,,,,,,,,,,
11,April,2,5,0,,,,,,1,pink egg bundles,MF,,,,,,,,,,,,,,,,,,
18,April,3,5,0,0,0,0,0,0,0,,MR,,,,,,,,,,,,,,,,,,
18,April,3,5,0,0,0,0,0,0,0,,MR,,,,,,,,,,,,,,,,,,
18,April,2,6,2,2,0,0,0,0,0,,MR,,,,,,,,,,,,,,,,,,
18,April,2,6,4,0,0,0,0,0,0,,MR,,,,,,,,,,,,,,,,,,
18,April,3,6,0,0,0,0,0,0,0,,MR,,,,,,,,,,,,,,,,,,
18,April,2,6.5,2,0,0,0,0,0,0,,MR,,,,,,,,,,,,,,,,,,
13,April,3,4,1,0,0,0,0,0,0,,MR,,,,,,,,,,,,,,,,,,
13,April,2,7,0,0,0,0,0,0,0,,MR,,,,,,,,,,,,,,,,,,
13,April,3,5,0,0,0,0,0,0,0,,MR,,,,,,,,,,,,,,,,,,
13,April,2,5,3,0,0,0,0,0,0,,MR,,,,,,,,,,,,,,,,,,
13,April,2,6,0,0,0,0,0,0,0,,MR,,,,,,,,,,,,,,,,,,
13,April,3,4,0,0,0,0,0,0,0,,MR,,,,,,,,,,,,,,,,,,
12,April,3,5,0,0,0,0,0,0,0,,MR,,,,,,,,,,,,,,,,,,
12,April,2,5.5,1,0,0,0,0,0,0,,MR,,,,,,,,,,,,,,,,,,
12,April,2,6,2,0,0,0,0,0,0,,MR,,,,,,,,,,,,,,,,,,
12,April,2,7,0,0,0,0,0,0,0,,MR,,,,,,,,,,,,,,,,,,
12,April,1,8,1,0,1,0,0,0,0,,MR,,,,,,,,,,,,,,,,,,
12,April,1,6,1,1,0,0,0,0,0,,MR,,,,,,,,,,,,,,,,,,
10,April,1,4,3,0,0,0,0,0,0,,MR,,,,,,,,,,,,,,,,,,
10,April,1,4,0,0,1,0,0,0,0,,MR,,,,,,,,,,,,,,,,,,
10,April,3,4,0,0,0,0,0,0,0,,MR,,,,,,,,,,,,,,,,,,
10,April,1,6,6,0,0,0,0,0,0,,MR,,,,,,,,,,,,,,,,,,
10,April,2,4,0,0,0,0,0,0,0,,MR,,,,,,,,,,,,,,,,,,
10,April,2,5,0,0,0,0,0,0,0,,MR,,,,,,,,,,,,,,,,,,
9,April,3,5.5,0,0,0,0,0,0,0,,MR,,,,,,,,,,,,,,,,,,
9,April,3,5,0,0,0,0,0,0,0,,MR,,,,,,,,,,,,,,,,,,
9,April,3,5,0,0,0,0,0,0,0,,MR,,,,,,,,,,,,,,,,,,
9,April,2,7,1,0,0,0,0,0,0,,MR,,,,,,,,,,,,,,,,,,
9,April,2,6,0,0,0,0,0,0,0,,MR,,,,,,,,,,,,,,,,,,
9,April,2,6,0,0,0,0,0,0,0,,MR,,,,,,,,,,,,,,,,,,
11,May,2,5,0,0,0,0,0,0,0,,MR,,,,,,,,,,,,,,,,,,
11,May,3,4,0,0,0,0,0,0,0,,MR,,,,,,,,,,,,,,,,,,
11,May,3,4,0,0,0,0,0,0,0,,MR,,,,,,,,,,,,,,,,,,
11,May,2,5,0,0,0,0,0,0,0,,MR,,,,,,,,,,,,,,,,,,
11,May,1,8,4,4,0,0,0,0,0,,MR,,,,,,,,,,,,,,,,,,
11,May,1,6,0,2,1,0,0,0,0,,MR,,,,,,,,,,,,,,,,,,
11,May,2,3,0,0,0,0,0,0,0,,MR,,,,,,,,,,,,,,,,,,
17,May,2,5,0,0,0,0,0,0,0,,MR,,,,,,,,,,,,,,,,,,
17,May,2,5,0,0,0,0,0,0,0,,MR,,,,,,,,,,,,,,,,,,
17,May,2,5,0,0,0,0,0,0,0,,MR,,,,,,,,,,,,,,,,,,
17,May,3,4,0,0,0,0,0,0,0,,MR,,,,,,,,,,,,,,,,,,
17,May,1,6,0,1,0,0,0,0,0,,MR,,,,,,,,,,,,,,,,,,
17,May,2,4,0,0,0,0,0,0,0,,MR,,,,,,,,,,,,,,,,,,
6,May,3,4,3,0,1,0,0,0,0,,MR,,,,,,,,,,,,,,,,,,
6,May,3,4,0,0,0,0,0,0,0,,MR,,,,,,,,,,,,,,,,,,
6,May,2,5,0,0,0,0,0,0,0,,MR,,,,,,,,,,,,,,,,,,
6,May,2,5,0,0,0,0,0,0,0,,MR,,,,,,,,,,,,,,,,,,
6,May,2,6,0,0,0,0,0,0,0,,MR,,,,,,,,,,,,,,,,,,
6,May,2,7,0,0,0,0,0,0,0,,MR,,,,,,,,,,,,,,,,,,
2,May,3,5,0,0,0,0,0,0,0,,MR,,,,,,,,,,,,,,,,,,
2,May,3,5,0,0,0,0,0,0,0,,MR,,,,,,,,,,,,,,,,,,
2,May,2,7,0,0,0,0,0,0,0,,MR,,,,,,,,,,,,,,,,,,
2,May,2,9,0,0,0,0,0,0,0,,MR,,,,,,,,,,,,,,,,,,
2,May,2,6,0,0,0,0,0,0,0,,MR,,,,,,,,,,,,,,,,,,
2,May,1,4,0,0,0,0,0,0,0,tiny developing cone,MR,,,,,,,,,,,,,,,,,,
3,May,3,6,0,0,0,0,0,0,0,,MR,,,,,,,,,,,,,,,,,,
3,May,3,6,0,0,0,0,0,0,0,,MR,,,,,,,,,,,,,,,,,,
3,May,3,6,0,0,0,0,0,0,0,,MR,,,,,,,,,,,,,,,,,,
3,May,2,8,0,0,0,0,0,0,0,,MR,,,,,,,,,,,,,,,,,,
3,May,2,8,0,0,0,0,0,0,0,,MR,,,,,,,,,,,,,,,,,,
3,May,2,8,0,0,0,0,0,0,0,,MR,,,,,,,,,,,,,,,,,,
19,May,3,6,0,0,0,0,0,0,0,,MR,,,,,,,,,,,,,,,,,,
19,May,3,7,0,0,0,0,0,0,0,,MR,,,,,,,,,,,,,,,,,,
19,May,2,6,0,0,0,0,0,0,0,,MR,,,,,,,,,,,,,,,,,,
19,May,2,5,0,0,0,0,0,0,0,,MR,,,,,,,,,,,,,,,,,,
19,May,2,7,0,0,0,0,0,0,0,,MR,,,,,,,,,,,,,,,,,,
19,May,2,6,0,0,0,0,0,0,0,,MR,,,,,,,,,,,,,,,,,,
5,May,3,6,0,0,0,0,0,1,0,,MR,,,,,,,,,,,,,,,,,,
5,May,3,5,0,0,0,0,0,0,0,,MR,,,,,,,,,,,,,,,,,,
5,May,3,6,0,0,0,0,0,0,0,,MR,,,,,,,,,,,,,,,,,,
5,May,2,6,0,0,0,0,0,0,0,,MR,,,,,,,,,,,,,,,,,,
5,May,2,7,0,0,0,0,0,0,0,,MR,,,,,,,,,,,,,,,,,,
5,May,2,7,0,0,0,0,0,0,0,,MR,,,,,,,,,,,,,,,,,,
20,May,3,5.5,0,0,0,0,0,0,0,,MR,,,,,,,,,,,,,,,,,,
20,May,1,6,2,2,0,0,0,0,0,,MR,,,,,,,,,,,,,,,,,,
20,May,3,5,0,0,0,0,0,0,0,,MR,,,,,,,,,,,,,,,,,,
20,May,3,4,0,0,0,0,0,0,0,,MR,,,,,,,,,,,,,,,,,,
20,May,2,8,1,0,0,0,0,0,0,,MR,,,,,,,,,,,,,,,,,,
20,May,2,7,0,0,0,0,0,0,0,,MR,,,,,,,,,,,,,,,,,,
12,May,1,5,0,1,0,0,0,0,0,,MR,,,,,,,,,,,,,,,,,,
12,May,1,6,4,0,0,0,0,0,0,,MR,,,,,,,,,,,,,,,,,,
12,May,3,5,0,0,0,0,0,0,0,,MR,,,,,,,,,,,,,,,,,,
12,May,2,5,1,0,0,0,0,0,0,,MR,,,,,,,,,,,,,,,,,,
12,May,2,5,0,0,0,0,0,0,0,,MR,,,,,,,,,,,,,,,,,,
12,May,2,6,0,0,0,0,0,0,0,,MR,,,,,,,,,,,,,,,,,,
13,May,3,4,0,0,0,0,0,0,0,,MR,,,,,,,,,,,,,,,,,,
13,May,3,4,0,0,0,0,0,0,0,,MR,,,,,,,,,,,,,,,,,,
13,May,2,5,0,0,0,0,0,0,0,,MR,,,,,,,,,,,,,,,,,,
13,May,2,4,0,0,0,0,1,0,0,,MR,,,,,,,,,,,,,,,,,,
13,May,2,6,0,0,0,0,0,0,0,,MR,,,,,,,,,,,,,,,,,,
13,May,3,4,0,0,0,0,0,0,0,,MR,,,,,,,,,,,,,,,,,,
14,May,1,6,0,2,0,0,0,0,0,,MR,,,,,,,,,,,,,,,,,,
14,May,3,2.3,0,0,0,0,0,0,0,,MR,,,,,,,,,,,,,,,,,,
14,May,2,7,0,0,0,0,0,0,0,,MR,,,,,,,,,,,,,,,,,,
14,May,3,7,0,0,0,0,0,0,0,,MR,,,,,,,,,,,,,,,,,,
14,May,2,6,0,0,0,0,0,0,0,,MR,,,,,,,,,,,,,,,,,,
14,May,2,6,0,0,0,0,0,0,0,,MR,,,,,,,,,,,,,,,,,,
9,June,3,6,1,0,0,0,0,0,0,,MR,,,,,,,,,,,,,,,,,,
9,June,3,4,0,0,0,0,0,0,0,,MR,,,,,,,,,,,,,,,,,,
9,June,2,5,0,0,0,0,0,0,0,,MR,,,,,,,,,,,,,,,,,,
9,June,2,6,0,0,0,0,0,0,,MR,,,,,,,,,,,,,,,,,,,
9,June,2,5,1,1,0,0,0,0,0,,MR,,,,,,,,,,,,,,,,,,
9,June,1,3,0,0,0,0,0,0,0,,MR,,,,,,,,,,,,,,,,,,
7,June,2,6,0,0,0,0,0,0,0,,MR,,,,,,,,,,,,,,,,,,
7,June,2,7,0,0,0,0,0,0,0,,MR,,,,,,,,,,,,,,,,,,
7,June,2,7,0,0,0,0,0,0,0,,MR,,,,,,,,,,,,,,,,,,
7,June,2,7,0,0,0,0,0,0,0,,MR,,,,,,,,,,,,,,,,,,
7,June,3,6,0,0,0,0,0,0,0,,MR,,,,,,,,,,,,,,,,,,
7,June,3,5,0,0,0,0,0,0,0,,MR,,,,,,,,,,,,,,,,,,
18,June,1,6,0,0,0,0,0,0,0,,MR,,,,,,,,,,,,,,,,,,
18,June,2,6,0,0,0,0,0,0,0,,MR,,,,,,,,,,,,,,,,,,
18,June,3,5,0,0,0,0,0,0,0,,MR,,,,,,,,,,,,,,,,,,
18,June,2,5,2,1,0,0,0,0,0,,MR,,,,,,,,,,,,,,,,,,
18,June,2,5,0,0,0,0,0,0,0,,MR,,,,,,,,,,,,,,,,,,
18,June,1,4,0,0,0,0,0,0,0,,MR,,,,,,,,,,,,,,,,,,
8,June,2,6,0,0,0,0,0,0,0,,MR,,,,,,,,,,,,,,,,,,
8,June,2,7,0,0,0,0,0,0,0,,MR,,,,,,,,,,,,,,,,,,
8,June,1,3,5,0,0,0,0,0,0,,MR,,,,,,,,,,,,,,,,,,
8,June,3,4,0,0,0,0,0,0,0,,MR,,,,,,,,,,,,,,,,,,
8,June,2,6,2,0,0,0,0,0,0,,MR,,,,,,,,,,,,,,,,,,
8,June,3,7,0,0,0,0,0,0,0,,MR,,,,,,,,,,,,,,,,,,
13,June,3,4,0,0,0,0,0,0,0,0,MR,,,,,,,,,,,,,,,,,,
13,June,3,6,0,0,0,0,0,0,0,0,MR,,,,,,,,,,,,,,,,,,
13,June,2,4,0,0,0,0,0,0,0,0,MR,,,,,,,,,,,,,,,,,,
13,June,3,4,0,0,0,0,0,0,0,0,MR,,,,,,,,,,,,,,,,,,
13,June,1,3,0,0,1,0,0,0,0,0,MR,,,,,,,,,,,,,,,,,,
12,June,1,5,0,1,2,0,0,0,0,0,MR,,,,,,,,,,,,,,,,,,
12,June,2,5,0,0,0,0,0,0,0,0,MR,,,,,,,,,,,,,,,,,,
12,June,1,5,0,1,0,0,0,0,0,0,MR,,,,,,,,,,,,,,,,,,
12,June,2,5,1,0,0,0,0,0,0,0,MR,,,,,,,,,,,,,,,,,,
12,June,2,6,0,0,0,0,0,0,0,0,MR,,,,,,,,,,,,,,,,,,
12,June,2,5,1,0,1,0,0,1,0,0,MR,,,,,,,,,,,,,,,,,,
10,June,1,4,5,3,0,0,0,0,0,0,MR,,,,,,,,,,,,,,,,,,
10,June,1,5,0,0,0,0,0,0,0,0,MR,,,,,,,,,,,,,,,,,,
10,June,3,5,0,3,0,0,0,0,0,0,MR,,,,,,,,,,,,,,,,,,
10,June,1,4,0,1,0,0,0,0,0,0,MR,,,,,,,,,,,,,,,,,,
10,June,2,5,0,0,0,0,0,0,0,0,MR,,,,,,,,,,,,,,,,,,
10,June,2,5,1,1,0,0,0,0,0,0,MR,,,,,,,,,,,,,,,,,,
4,June,3,5,0,0,0,0,0,0,0,0,MR,,,,,,,,,,,,,,,,,,
4,June,3,3,5,2,0,0,0,0,0,0,MR,,,,,,,,,,,,,,,,,,
4,June,2,6,0,0,0,0,0,0,0,0,MR,,,,,,,,,,,,,,,,,,
4,June,2,6,0,0,0,0,0,0,0,0,MR,,,,,,,,,,,,,,,,,,
4,June,1,3,0,0,0,0,0,0,0,0,MR,,,,,,,,,,,,,,,,,,
4,June,1,2,0,0,0,0,0,0,0,0,MR,,,,,,,,,,,,,,,,,,
21,June,3,6,0,0,0,0,0,0,0,0,MR,,,,,,,,,,,,,,,,,,
21,June,3,5,0,0,0,0,0,0,0,0,MR,,,,,,,,,,,,,,,,,,
21,June,1,3,0,0,0,0,0,0,0,0,MR,,,,,,,,,,,,,,,,,,
21,June,2,6,0,0,1,0,0,0,0,0,MR,,,,,,,,,,,,,,,,,,
21,June,2,6,0,0,0,0,0,0,0,0,MR,,,,,,,,,,,,,,,,,,
21,June,2,3,0,0,0,0,0,0,0,0,MR,,,,,,,,,,,,,,,,,,
19,June,3,5,0,0,0,0,0,0,0,0,MR,,,,,,,,,,,,,,,,,,
19,June,2,6,1,0,0,0,0,0,0,0,MR,,,,,,,,,,,,,,,,,,
19,June,2,6,0,0,0,0,0,0,0,0,MR,,,,,,,,,,,,,,,,,,
19,June,2,5,0,0,0,0,0,0,0,0,MR,,,,,,,,,,,,,,,,,,
19,June,2,5,1,1,1,0,0,0,0,0,MR,,,,,,,,,,,,,,,,,,
19,June,3,4,0,0,0,0,0,0,0,0,MR,,,,,,,,,,,,,,,,,,
6,June,3,6,0,0,0,0,0,0,0,0,MR,,,,,,,,,,,,,,,,,,
6,June,2,7,0,0,0,0,0,0,0,0,MR,,,,,,,,,,,,,,,,,,
6,June,3,5,5,3,0,0,0,0,0,0,MR,,,,,,,,,,,,,,,,,,
6,June,3,4,0,0,0,0,0,0,0,0,MR,,,,,,,,,,,,,,,,,,
6,June,6,4,0,0,0,0,0,0,0,0,MR,,,,,,,,,,,,,,,,,,
6,June,1,3,0,4,0,0,0,0,0,0,MR,,,,,,,,,,,,,,,,,,
5,June,1,5,3,2,0,0,0,0,0,0,MR,,,,,,,,,,,,,,,,,,
5,June,1,6,0,3,0,0,0,0,0,0,MR,,,,,,,,,,,,,,,,,,
5,June,2,7,0,0,0,0,0,0,0,0,MR,,,,,,,,,,,,,,,,,,
5,June,2,6,0,0,0,0,0,0,0,0,MR,,,,,,,,,,,,,,,,,,
5,June,3,6,0,0,0,0,0,0,0,0,MR,,,,,,,,,,,,,,,,,,
5,June,3,5,0,0,0,0,0,0,0,0,MR,,,,,,,,,,,,,,,,,,
2,June,3,4,0,0,0,0,0,0,0,0,MR,,,,,,,,,,,,,,,,,,
2,June,3,3,0,0,0,0,0,0,0,0,MR,,,,,,,,,,,,,,,,,,
2,June,2,4,0,0,0,0,0,0,0,0,MR,,,,,,,,,,,,,,,,,,
2,June,2,6,2,1,0,0,0,0,0,0,MR,,,,,,,,,,,,,,,,,,
2,June,2,6,1,0,0,0,0,0,0,0,MR,,,,,,,,,,,,,,,,,,
2,June,1,2,0,0,0,0,0,0,0,0,MR,,,,,,,,,,,,,,,,,,
17,June,2,5,0,0,0,0,0,0,0,0,MR,,,,,,,,,,,,,,,,,,
17,June,2,6,0,0,0,0,0,0,0,0,MR,,,,,,,,,,,,,,,,,,
17,June,2,6,0,0,0,0,0,0,0,0,MR,,,,,,,,,,,,,,,,,,
17,June,2,4,0,0,1,0,0,0,0,0,MR,,,,,,,,,,,,,,,,,,
17,June,1,3,0,0,0,0,0,0,0,0,MR,,,,,,,,,,,,,,,,,,
17,June,2,4,0,0,0,0,0,0,0,0,MR,,,,,,,,,,,,,,,,,,
3,June,2,7,0,0,0,0,0,0,0,0,MR,,,,,,,,,,,,,,,,,,
3,June,3,5,0,0,0,0,0,0,0,0,MR,,,,,,,,,,,,,,,,,,
3,June,3,5,0,0,0,0,0,0,0,0,MR,,,,,,,,,,,,,,,,,,
3,June,2,5,0,0,0,0,0,0,0,0,MR,,,,,,,,,,,,,,,,,,
3,June,2,7,0,0,0,0,0,0,0,0,MR,,,,,,,,,,,,,,,,,,
3,June,2,6,0,0,0,0,0,0,0,0,MR,,,,,,,,,,,,,,,,,,
15,June,1,6,0,2,0,0,0,0,0,0,MR,,,,,,,,,,,,,,,,,,
15,June,1,5,0,0,2,0,0,0,0,0,MR,,,,,,,,,,,,,,,,,,
15,June,1,6,2,9,0,0,0,0,0,0,MR,,,,,,,,,,,,,,,,,,
15,June,2,6,0,0,0,0,0,0,0,0,MR,,,,,,,,,,,,,,,,,,
15,June,2,4,0,0,0,0,0,0,0,0,MR,,,,,,,,,,,,,,,,,,
15,June,1,4,0,0,0,0,0,0,0,0,MR,,,,,,,,,,,,,,,,,,
14,June,3,4,0,0,0,0,0,0,0,0,MR,,,,,,,,,,,,,,,,,,
14,June,3,3,0,0,0,0,0,0,0,0,MR,,,,,,,,,,,,,,,,,,
14,June,2,5,2,2,0,0,0,0,0,0,MR,,,,,,,,,,,,,,,,,,
14,June,1,8,10,2,0,0,0,0,0,0,MR,,,,,,,,,,,,,,,,,,
14,June,2,6,0,0,0,0,0,0,0,0,MR,,,,,,,,,,,,,,,,,,
14,June,2,6,1,0,0,0,0,0,0,0,MR,,,,,,,,,,,,,,,,,,
20,June,2,7,5,0,0,0,0,0,0,0,MR,,,,,,,,,,,,,,,,,,
20,June,2,6,0,0,0,0,0,0,0,0,MR,,,,,,,,,,,,,,,,,,
20,June,2,6,5,0,0,0,0,0,0,0,MR,,,,,,,,,,,,,,,,,,
20,June,3,5,0,0,0,0,0,0,0,0,MR,,,,,,,,,,,,,,,,,,
20,June,2,5,2,1,0,0,0,0,0,0,MR,,,,,,,,,,,,,,,,,,
20,June,1,4,2,0,0,0,0,0,0,0,MR,,,,,,,,,,,,,,,,,,
11,June,3,4,0,0,0,0,0,0,0,0,MR,,,,,,,,,,,,,,,,,,
11,June,2,3,0,0,0,0,0,0,0,0,MR,,,,,,,,,,,,,,,,,,
11,June,3,5,0,0,0,0,0,0,0,0,MR,,,,,,,,,,,,,,,,,,
11,June,3,4,0,0,0,0,0,0,0,0,MR,,,,,,,,,,,,,,,,,,
11,June,2,5,0,0,0,0,0,0,0,0,MR,,,,,,,,,,,,,,,,,,
11,June,1,4,0,1,0,0,0,0,0,0,MR,,,,,,,,,,,,,,,,,,
16,June,2,5,0,0,0,0,0,0,0,0,MR,,,,,,,,,,,,,,,,,,
16,June,3,6,0,0,0,0,0,0,0,0,MR,,,,,,,,,,,,,,,,,,
16,June,1,3,0,0,1,0,0,0,0,0,MR,,,,,,,,,,,,,,,,,,
16,June,2,5,0,0,0,0,0,0,0,0,MR,,,,,,,,,,,,,,,,,,
16,June,2,6,0,0,0,0,0,0,0,0,MR,,,,,,,,,,,,,,,,,,
16,June,3,0,0,0,0,0,0,0,0,0,MR,,,,,,,,,,,,,,,,,,
2,July,2,6,0,0,0,0,0,0,0,0,MR,,,,,,,,,,,,,,,,,,
2,July,2,7,0,0,0,0,0,0,0,0,MR,,,,,,,,,,,,,,,,,,
2,July,2,7,0,0,0,0,0,0,0,0,MR,,,,,,,,,,,,,,,,,,
2,July,2,7,0,0,0,0,0,0,0,0,MR,,,,,,,,,,,,,,,,,,
2,July,3,5,0,0,0,0,0,0,0,0,MR,,,,,,,,,,,,,,,,,,
2,July,3,5,0,0,0,0,0,0,0,0,MR,,,,,,,,,,,,,,,,,,
21,July,3,6,0,0,0,0,0,0,0,0,MR,,,,,,,,,,,,,,,,,,
21,July,3,5,0,0,0,0,0,0,0,0,MR,,,,,,,,,,,,,,,,,,
21,July,1,5,0,0,0,0,0,0,0,large green cone,MR,,,,,,,,,,,,,,,,,,
21,July,3,6,0,0,0,0,0,0,0,0,MR,,,,,,,,,,,,,,,,,,
21,July,3,5,0,0,0,0,0,0,0,0,MR,,,,,,,,,,,,,,,,,,
21,July,1,4,0,0,0,0,0,0,0,0,MR,,,,,,,,,,,,,,,,,,
17,July,3,5,0,0,0,0,0,0,0,0,MR,,,,,,,,,,,,,,,,,,
17,July,3,4,0,0,0,0,0,0,0,0,MR,,,,,,,,,,,,,,,,,,
17,July,2,5,0,0,0,0,0,0,0,0,MR,,,,,,,,,,,,,,,,,,
17,July,2,4,0,0,0,0,0,0,0,0,MR,,,,,,,,,,,,,,,,,,
17,July,2,6,0,0,0,0,0,0,0,0,MR,,,,,,,,,,,,,,,,,,
17,July,1,4,3,1,0,0,0,0,0,0,MR,,,,,,,,,,,,,,,,,,
18,July,3,4,0,0,0,0,0,0,0,0,MR,,,,,,,,,,,,,,,,,,
18,July,3,4,0,0,0,0,0,0,0,0,MR,,,,,,,,,,,,,,,,,,
18,July,3,5,0,0,0,0,0,0,0,0,MR,,,,,,,,,,,,,,,,,,
18,July,2,6,0,0,0,0,0,0,0,0,MR,,,,,,,,,,,,,,,,,,
18,July,2,5,0,0,0,0,0,0,0,0,MR,,,,,,,,,,,,,,,,,,
18,July,2,5,0,0,0,0,0,0,0,0,MR,,,,,,,,,,,,,,,,,,
19,July,3,5,0,0,0,0,0,0,0,0,MR,,,,,,,,,,,,,,,,,,
19,July,3,4,0,0,0,0,0,0,0,0,MR,,,,,,,,,,,,,,,,,,
19,July,3,4,0,0,0,0,0,0,0,0,MR,,,,,,,,,,,,,,,,,,
19,July,3,5,0,0,0,0,0,0,0,0,MR,,,,,,,,,,,,,,,,,,
19,July,2,4,0,0,0,0,0,0,0,0,MR,,,,,,,,,,,,,,,,,,
19,July,2,5,0,0,0,0,0,0,0,0,MR,,,,,,,,,,,,,,,,,,
3,July,2,6,0,0,0,0,0,0,0,0,MR,,,,,,,,,,,,,,,,,,
3,July,3,6,0,0,0,0,0,0,0,0,MR,,,,,,,,,,,,,,,,,,
3,July,3,6,0,0,0,0,0,0,0,0,MR,,,,,,,,,,,,,,,,,,
3,July,2,7,0,0,0,0,0,0,0,0,MR,,,,,,,,,,,,,,,,,,
3,July,2,6,0,0,0,0,0,0,0,0,MR,,,,,,,,,,,,,,,,,,
3,July,2,7,0,0,0,0,0,0,0,0,MR,,,,,,,,,,,,,,,,,,
4,July,3,6,0,0,0,0,0,0,0,0,MR,,,,,,,,,,,,,,,,,,
4,July,3,7,0,0,1,0,0,0,0,0,MR,,,,,,,,,,,,,,,,,,
4,July,2,6,0,0,0,0,0,0,0,0,MR,,,,,,,,,,,,,,,,,,
4,July,2,7,0,0,0,0,0,0,0,0,MR,,,,,,,,,,,,,,,,,,
4,July,2,8,1,0,0,0,0,0,0,0,MR,,,,,,,,,,,,,,,,,,
4,July,2,7,3,0,0,0,0,0,0,0,MR,,,,,,,,,,,,,,,,,,
5,July,2,5,0,0,1,0,0,0,0,0,MR,,,,,,,,,,,,,,,,,,
5,July,2,7,0,0,0,0,0,0,0,0,MR,,,,,,,,,,,,,,,,,,
5,July,3,6,0,0,0,0,0,0,0,0,MR,,,,,,,,,,,,,,,,,,
5,July,3,6,0,0,0,0,0,0,0,0,MR,,,,,,,,,,,,,,,,,,
5,July,1,4,2,0,0,0,0,0,0,0,MR,,,,,,,,,,,,,,,,,,
5,July,1,4,3,0,1,0,0,0,0,0,MR,,,,,,,,,,,,,,,,,,
11,July,3,4,0,0,0,0,0,0,0,0,MR,,,,,,,,,,,,,,,,,,
11,July,2,4,0,0,0,0,0,0,0,0,MR,,,,,,,,,,,,,,,,,,
11,July,1,3,2,1,0,0,0,0,0,0,MR,,,,,,,,,,,,,,,,,,
11,July,2,4,0,0,0,0,0,0,0,0,MR,,,,,,,,,,,,,,,,,,
11,July,2,6,0,0,0,0,0,0,0,0,MR,,,,,,,,,,,,,,,,,,
11,July,2,5,0,0,0,0,0,0,0,0,MR,,,,,,,,,,,,,,,,,,
13,July,3,5,0,0,0,0,0,0,0,0,MR,,,,,,,,,,,,,,,,,,
13,July,3,5,0,0,0,0,0,0,0,0,MR,,,,,,,,,,,,,,,,,,
13,July,3,4,0,0,0,0,0,0,0,0,MR,,,,,,,,,,,,,,,,,,
13,July,2,4,1,1,0,0,0,0,0,0,MR,,,,,,,,,,,,,,,,,,
13,July,2,5,0,0,0,0,0,0,0,0,MR,,,,,,,,,,,,,,,,,,
13,July,2,5,0,0,0,0,0,0,0,0,MR,,,,,,,,,,,,,,,,,,
20,July,1,6,3,1,0,0,0,0,0,0,MR,,,,,,,,,,,,,,,,,,
20,July,1,6,4,3,0,0,0,0,0,0,MR,,,,,,,,,,,,,,,,,,
20,July,3,4,0,0,0,0,0,0,0,0,MR,,,,,,,,,,,,,,,,,,
20,July,2,7,8,2,5,0,0,0,0,0,MR,,,,,,,,,,,,,,,,,,
20,July,2,7,0,0,0,0,0,0,0,0,MR,,,,,,,,,,,,,,,,,,
20,July,2,5,1,1,0,0,0,0,0,0,MR,,,,,,,,,,,,,,,,,,
12,July,2,4,0,0,0,0,0,0,0,0,MR,,,,,,,,,,,,,,,,,,
12,July,2,4,1,0,0,0,0,0,0,0,MR,,,,,,,,,,,,,,,,,,
12,July,1,5,3,2,0,0,0,0,0,0,MR,,,,,,,,,,,,,,,,,,
12,July,3,4,0,0,0,0,0,0,0,0,MR,,,,,,,,,,,,,,,,,,
12,July,2,5,0,0,0,0,0,0,0,0,MR,,,,,,,,,,,,,,,,,,
12,July,1,5,4,3,0,0,0,0,0,0,MR,,,,,,,,,,,,,,,,,,
14,July,1,5,6,5,0,0,0,0,0,0,MR,,,,,,,,,,,,,,,,,,
14,July,1,5,2,1,0,0,0,0,0,0,MR,,,,,,,,,,,,,,,,,,
14,July,2,6,0,0,0,0,0,0,0,0,MR,,,,,,,,,,,,,,,,,,
14,July,2,6,0,0,0,0,0,0,0,0,MR,,,,,,,,,,,,,,,,,,
14,July,3,5,0,0,0,0,0,0,0,0,MR,,,,,,,,,,,,,,,,,,
14,July,3,5,0,0,0,0,0,0,0,0,MR,,,,,,,,,,,,,,,,,,
8,July,1,5,6,1,0,0,0,0,0,0,MR,,,,,,,,,,,,,,,,,,
8,July,1,4,4,2,0,0,0,0,0,0,MR,,,,,,,,,,,,,,,,,,
8,July,1,4,2,2,0,0,0,0,0,0,MR,,,,,,,,,,,,,,,,,,
8,July,3,5,0,0,0,0,0,0,0,0,MR,,,,,,,,,,,,,,,,,,
8,July,2,6,0,0,0,0,0,0,0,0,MR,,,,,,,,,,,,,,,,,,
8,July,2,6,0,0,0,0,0,0,0,0,MR,,,,,,,,,,,,,,,,,,
9,July,1,5,1,3,0,0,0,0,0,0,MR,,,,,,,,,,,,,,,,,,
9,July,3,4,0,0,0,0,0,0,0,0,MR,,,,,,,,,,,,,,,,,,
9,July,3,5,0,0,0,0,0,0,0,0,MR,,,,,,,,,,,,,,,,,,
9,July,2,5,0,0,0,0,0,0,0,0,MR,,,,,,,,,,,,,,,,,,
9,July,2,4,0,0,0,0,0,0,0,0,MR,,,,,,,,,,,,,,,,,,
9,July,2,6,0,0,0,0,0,0,0,0,MR,,,,,,,,,,,,,,,,,,
7,July,2,6,0,0,0,0,0,0,0,0,MR,,,,,,,,,,,,,,,,,,
7,July,2,6,0,0,0,0,0,0,0,0,MR,,,,,,,,,,,,,,,,,,
7,July,2,6,0,0,0,0,0,0,0,0,MR,,,,,,,,,,,,,,,,,,
7,July,2,6,0,0,0,0,0,0,0,0,MR,,,,,,,,,,,,,,,,,,
7,July,2,6,0,0,0,0,0,0,0,0,MR,,,,,,,,,,,,,,,,,,
7,July,3,6,0,0,0,0,0,0,0,0,MR,,,,,,,,,,,,,,,,,,
10,July,1,5,1,2,0,0,0,0,0,0,MR,,,,,,,,,,,,,,,,,,
10,July,1,4,2,1,1,0,0,0,0,0,MR,,,,,,,,,,,,,,,,,,
10,July,1,5,4,0,8,0,0,0,0,0,MR,,,,,,,,,,,,,,,,,,
10,July,3,3,0,0,0,0,0,0,0,0,MR,,,,,,,,,,,,,,,,,,
10,July,3,3,0,0,0,0,0,0,0,0,MR,,,,,,,,,,,,,,,,,,
10,July,1,3,2,2,0,0,0,0,0,0,MR,,,,,,,,,,,,,,,,,,
15,July,1,5,4,3,0,0,0,0,0,0,MR,,,,,,,,,,,,,,,,,,
15,July,2,3,0,0,0,0,0,0,0,0,MR,,,,,,,,,,,,,,,,,,
15,July,2,4,0,0,0,0,0,1,0,0,MR,,,,,,,,,,,,,,,,,,
15,July,3,3,1,0,0,0,0,0,0,0,MR,,,,,,,,,,,,,,,,,,
15,July,3,3,0,0,0,0,0,0,0,0,MR,,,,,,,,,,,,,,,,,,
15,July,2,3,0,0,0,0,0,0,0,0,MR,,,,,,,,,,,,,,,,,,
16,July,2,6,1,0,0,0,0,0,0,0,MR,,,,,,,,,,,,,,,,,,
16,July,3,5,0,0,1,0,0,0,0,0,MR,,,,,,,,,,,,,,,,,,
16,July,1,3,0,1,1,0,0,0,0,0,MR,,,,,,,,,,,,,,,,,,
16,July,2,4,0,0,0,0,0,0,0,0,MR,,,,,,,,,,,,,,,,,,
16,July,2,5,0,0,0,0,0,1,0,0,MR,,,,,,,,,,,,,,,,,,
16,July,2,4,0,0,0,0,0,0,0,0,MR,,,,,,,,,,,,,,,,,,
4,May,1,9,3,4,0,0,0,0,0,0,MR,,,,,,,,,,,,,,,,,,
4,May,3,5,0,0,0,0,0,0,0,0,MR,,,,,,,,,,,,,,,,,,
4,May,2,6,0,0,0,0,0,0,0,0,MR,,,,,,,,,,,,,,,,,,
4,May,2,6,0,0,0,0,0,0,0,0,MR,,,,,,,,,,,,,,,,,,
4,May,3,6,0,0,0,0,0,0,0,0,MR,,,,,,,,,,,,,,,,,,
4,May,3,5,0,0,0,0,0,0,0,0,MR,,,,,,,,,,,,,,,,,,
21,May,2,5,1,0,0,0,0,0,0,0,MR,,,,,,,,,,,,,,,,,,
21,May,2,6,0,0,0,0,0,0,0,0,MR,,,,,,,,,,,,,,,,,,
21,May,3,4,0,0,0,0,0,0,0,0,MR,,,,,,,,,,,,,,,,,,
21,May,2,5,0,0,0,0,0,0,0,0,MR,,,,,,,,,,,,,,,,,,
21,May,2,6,0,0,0,0,0,0,0,0,MR,,,,,,,,,,,,,,,,,,
21,May,2,6,0,0,0,0,0,0,0,0,MR,,,,,,,,,,,,,,,,,,
18,May,2,5,0,0,0,0,0,0,0,0,MR,,,,,,,,,,,,,,,,,,
18,May,2,5,0,0,0,0,0,0,0,0,MR,,,,,,,,,,,,,,,,,,
18,May,3,5,0,0,0,0,0,0,0,0,MR,,,,,,,,,,,,,,,,,,
18,May,3,5,0,0,0,0,0,0,0,0,MR,,,,,,,,,,,,,,,,,,
18,May,1,6,0,0,0,0,0,0,0,0,MR,,,,,,,,,,,,,,,,,,
18,May,1,6,0,0,0,0,0,0,0,0,MR,,,,,,,,,,,,,,,,,,
10,May,3,4,0,0,0,0,0,0,0,0,MR,,,,,,,,,,,,,,,,,,
10,May,3,4,0,0,0,0,0,0,0,0,MR,,,,,,,,,,,,,,,,,,
10,May,1,6,0,2,0,0,0,0,0,0,MR,,,,,,,,,,,,,,,,,,
10,May,2,8,0,0,0,0,0,0,0,0,MR,,,,,,,,,,,,,,,,,,
10,May,2,4,0,0,0,0,0,0,0,0,MR,,,,,,,,,,,,,,,,,,
10,May,2,6,0,0,0,0,0,0,0,0,MR,,,,,,,,,,,,,,,,,,
19,May,2,6,0,0,0,0,0,0,0,0,MR,,,,,,,,,,,,,,,,,,
19,May,2,5,0,0,0,0,0,0,0,0,MR,,,,,,,,,,,,,,,,,,
19,May,3,4,0,0,0,0,0,0,0,0,MR,,,,,,,,,,,,,,,,,,
19,May,2,6,0,0,0,0,0,1,0,0,MR,,,,,,,,,,,,,,,,,,
19,May,2,6,0,0,0,0,0,0,0,0,MR,,,,,,,,,,,,,,,,,,
19,May,3,4,0,0,0,0,0,0,0,0,MR,,,,,,,,,,,,,,,,,,
7,May,3,7,0,0,0,0,0,0,0,0,MR,,,,,,,,,,,,,,,,,,
7,May,3,5,0,0,0,0,0,0,0,0,MR,,,,,,,,,,,,,,,,,,
7,May,3,6,0,0,0,0,0,0,0,0,MR,,,,,,,,,,,,,,,,,,
7,May,2,8,0,0,0,0,0,0,0,0,MR,,,,,,,,,,,,,,,,,,
7,May,2,6,0,0,0,0,0,0,0,0,MR,,,,,,,,,,,,,,,,,,
7,May,2,6,0,0,0,0,0,0,0,0,MR,,,,,,,,,,,,,,,,,,
8,May,1,4,0,0,0,0,1,0,0,0,MR,,,,,,,,,,,,,,,,,,
8,May,3,5,1,0,0,0,0,0,0,0,MR,,,,,,,,,,,,,,,,,,
8,May,2,6,0,0,0,0,0,0,0,0,MR,,,,,,,,,,,,,,,,,,
8,May,2,6,0,0,0,0,0,0,0,0,MR,,,,,,,,,,,,,,,,,,
8,May,2,6,0,0,0,0,0,0,0,0,MR,,,,,,,,,,,,,,,,,,
8,May,2,5,0,0,0,0,0,0,0,0,MR,,,,,,,,,,,,,,,,,,
16,May,2,0,0,0,0,0,0,0,0,0,MR,,,,,,,,,,,,,,,,,,
16,May,2,8,0,0,0,0,0,0,0,0,MR,,,,,,,,,,,,,,,,,,
16,May,2,6,0,0,0,0,0,0,0,0,MR,,,,,,,,,,,,,,,,,,
16,May,2,5,0,0,0,0,0,0,0,0,MR,,,,,,,,,,,,,,,,,,
16,May,2,6,0,0,0,0,0,0,0,0,MR,,,,,,,,,,,,,,,,,,
16,May,3,5,0,0,0,0,0,0,0,0,MR,,,,,,,,,,,,,,,,,,
15,May,2,4,0,0,0,0,0,0,0,0,MR,,,,,,,,,,,,,,,,,,
15,May,2,4,0,0,0,0,0,0,0,0,MR,,,,,,,,,,,,,,,,,,
15,May,2,3,0,0,0,0,0,0,0,0,MR,,,,,,,,,,,,,,,,,,
15,May,2,4,0,0,0,0,0,0,0,0,MR,,,,,,,,,,,,,,,,,,
15,May,2,4,0,0,0,0,0,0,0,0,MR,,,,,,,,,,,,,,,,,,
15,May,2,4,0,0,0,0,0,0,0,0,MR,,,,,,,,,,,,,,,,,,
6,July,2,5,0,0,0,0,0,0,0,0,MR,,,,,,,,,,,,,,,,,,
6,July,2,5,0,0,0,0,0,0,0,0,MR,,,,,,,,,,,,,,,,,,
6,July,2,4,0,0,0,0,0,0,0,0,MR,,,,,,,,,,,,,,,,,,
6,July,3,4,0,1,0,0,0,0,0,0,MR,,,,,,,,,,,,,,,,,,
6,July,3,0,0,1,0,0,0,0,0,0,MR,,,,,,,,,,,,,,,,,,
6,July,1,5,0,0,1,0,0,0,0,0,MR,,,,,,,,,,,,,,,,,,
20,August,3,5,0,0,0,0,0,0,0,0,MR,,,,,,,,,,,,,,,,,,
20,August,3,4,0,0,0,0,0,0,0,0,MR,,,,,,,,,,,,,,,,,,
20,August,2,5,1,0,0,0,0,0,0,0,MR,,,,,,,,,,,,,,,,,,
20,August,2,5,0,0,0,0,0,0,0,0,MR,,,,,,,,,,,,,,,,,,
20,August,1,7,2,1,0,0,0,0,0,0,MR,,,,,,,,,,,,,,,,,,
20,August,1,5,3,0,5,0,0,0,0,0,MR,,,,,,,,,,,,,,,,,,
9,August,2,6,0,0,0,0,0,0,0,0,MR,,,,,,,,,,,,,,,,,,
9,August,2,6,0,0,0,0,0,0,0,0,MR,,,,,,,,,,,,,,,,,,
9,August,2,6,0,0,0,0,0,0,0,0,MR,,,,,,,,,,,,,,,,,,
9,August,2,5,0,0,0,0,0,0,0,0,MR,,,,,,,,,,,,,,,,,,
9,August,3,5,0,0,0,0,0,0,0,0,MR,,,,,,,,,,,,,,,,,,
9,August,3,5,0,0,0,0,0,0,0,0,MR,,,,,,,,,,,,,,,,,,
8,August,1,5,1,0,0,0,0,0,0,0,MR,,,,,,,,,,,,,,,,,,
8,August,3,6,0,0,0,0,0,0,0,0,MR,,,,,,,,,,,,,,,,,,
8,August,2,6,0,0,0,0,0,0,0,0,MR,,,,,,,,,,,,,,,,,,
8,August,2,6,0,0,0,0,0,0,0,0,MR,,,,,,,,,,,,,,,,,,
8,August,1,8,6,2,0,0,0,0,0,0,MR,,,,,,,,,,,,,,,,,,
8,August,2,5,0,0,0,0,0,0,0,0,MR,,,,,,,,,,,,,,,,,,
21,August,1,4,0,2,0,0,0,0,0,0,MR,,,,,,,,,,,,,,,,,,
21,August,3,6,0,0,0,0,0,0,0,0,MR,,,,,,,,,,,,,,,,,,
21,August,3,5,0,0,0,0,0,0,0,0,MR,,,,,,,,,,,,,,,,,,
21,August,3,5,0,0,0,0,0,0,0,0,MR,,,,,,,,,,,,,,,,,,
21,August,2,6,0,0,0,0,0,0,0,0,MR,,,,,,,,,,,,,,,,,,
21,August,2,5,0,0,0,0,0,0,0,0,MR,,,,,,,,,,,,,,,,,,
10,August,3,4,0,0,0,0,0,0,0,0,MR,,,,,,,,,,,,,,,,,,
10,August,3,5,0,0,0,0,0,0,0,0,MR,,,,,,,,,,,,,,,,,,
10,August,3,5,0,0,0,0,0,0,0,0,MR,,,,,,,,,,,,,,,,,,
10,August,1,4,0,0,0,0,0,0,0,0,MR,,,,,,,,,,,,,,,,,,
10,August,1,6,0,0,0,0,0,0,0,0,MR,,,,,,,,,,,,,,,,,,
10,August,1,5,3,0,2,0,0,0,0,0,MR,,,,,,,,,,,,,,,,,,
7,August,3,6,0,0,0,0,0,0,0,0,MR,,,,,,,,,,,,,,,,,,
7,August,3,6,0,0,0,0,0,0,0,0,MR,,,,,,,,,,,,,,,,,,
7,August,2,6,0,0,0,0,0,0,0,0,MR,,,,,,,,,,,,,,,,,,
7,August,2,6,0,0,0,0,0,0,0,0,MR,,,,,,,,,,,,,,,,,,
7,August,2,7,0,0,0,0,0,0,0,0,MR,,,,,,,,,,,,,,,,,,
7,August,2,7,0,0,0,0,0,0,0,0,MR,,,,,,,,,,,,,,,,,,
19,August,3,5,0,0,0,0,0,0,0,0,MR,,,,,,,,,,,,,,,,,,
19,August,3,4,0,0,0,0,0,0,0,0,MR,,,,,,,,,,,,,,,,,,
19,August,2,5,0,0,0,0,0,0,0,0,MR,,,,,,,,,,,,,,,,,,
19,August,2,3,0,0,0,0,0,0,0,0,MR,,,,,,,,,,,,,,,,,,
19,August,2,4,0,0,0,0,0,0,0,0,MR,,,,,,,,,,,,,,,,,,
19,August,2,4,0,0,0,0,0,0,0,0,MR,,,,,,,,,,,,,,,,,,
16,August,2,6,0,0,0,0,0,0,0,0,MR,,,,,,,,,,,,,,,,,,
16,August,2,5,0,0,0,0,0,0,0,0,MR,,,,,,,,,,,,,,,,,,
16,August,3,4,0,0,0,0,0,0,0,0,MR,,,,,,,,,,,,,,,,,,
16,August,3,4,0,0,0,0,0,0,0,0,MR,,,,,,,,,,,,,,,,,,
16,August,2,4,0,0,0,0,0,0,0,0,MR,,,,,,,,,,,,,,,,,,
16,August,2,4,0,0,0,0,0,0,0,0,MR,,,,,,,,,,,,,,,,,,
12,August,1,5,4,0,0,0,0,0,0,0,MR,,,,,,,,,,,,,,,,,,
12,August,1,5,4,0,0,0,0,0,0,0,MR,,,,,,,,,,,,,,,,,,
12,August,3,5,0,0,0,0,0,0,0,0,MR,,,,,,,,,,,,,,,,,,
12,August,2,5,0,0,0,0,0,0,0,0,MR,,,,,,,,,,,,,,,,,,
12,August,2,6,0,0,0,0,0,0,0,0,MR,,,,,,,,,,,,,,,,,,
12,August,2,4,0,0,0,0,0,0,0,0,MR,,,,,,,,,,,,,,,,,,
2,August,3,5,0,0,0,0,0,0,0,0,MR,,,,,,,,,,,,,,,,,,
2,August,2,6,0,0,0,0,0,0,0,0,MR,,,,,,,,,,,,,,,,,,
2,August,2,7,0,0,0,0,0,0,0,0,MR,,,,,,,,,,,,,,,,,,
2,August,2,6,0,0,0,0,0,0,0,0,MR,,,,,,,,,,,,,,,,,,
2,August,2,5,0,0,0,0,0,0,0,0,MR,,,,,,,,,,,,,,,,,,
2,August,2,5,0,0,0,0,0,0,0,0,MR,,,,,,,,,,,,,,,,,,
5,August,1,3,0,0,1,0,0,0,0,0,MR,,,,,,,,,,,,,,,,,,
5,August,1,2,2,1,0,0,0,0,0,0,MR,,,,,,,,,,,,,,,,,,
5,August,2,6,0,0,0,0,0,0,0,0,MR,,,,,,,,,,,,,,,,,,
5,August,2,6,0,0,0,0,0,0,0,0,MR,,,,,,,,,,,,,,,,,,
5,August,3,5,0,0,0,0,0,0,0,0,MR,,,,,,,,,,,,,,,,,,
5,August,3,5,0,0,0,0,0,0,0,0,MR,,,,,,,,,,,,,,,,,,
18,August,3,4,0,0,0,0,0,0,0,0,MR,,,,,,,,,,,,,,,,,,
18,August,3,5,0,0,0,0,0,0,0,0,MR,,,,,,,,,,,,,,,,,,
18,August,3,5,0,0,0,0,0,0,0,0,MR,,,,,,,,,,,,,,,,,,
18,August,2,6,0,0,0,0,0,0,0,0,MR,,,,,,,,,,,,,,,,,,
18,August,2,6,0,0,0,0,0,0,0,0,MR,,,,,,,,,,,,,,,,,,
18,August,2,6,0,0,0,0,0,0,0,0,MR,,,,,,,,,,,,,,,,,,
3,August,3,6,0,0,0,0,0,1,0,0,MR,,,,,,,,,,,,,,,,,,
3,August,3,6,0,0,0,0,0,0,0,0,MR,,,,,,,,,,,,,,,,,,
3,August,2,7,0,0,0,0,0,0,0,0,MR,,,,,,,,,,,,,,,,,,
3,August,2,7,0,0,0,0,0,0,0,0,MR,,,,,,,,,,,,,,,,,,
3,August,2,8,0,0,0,0,0,0,0,0,MR,,,,,,,,,,,,,,,,,,
3,August,2,8,0,0,0,0,0,0,0,0,MR,,,,,,,,,,,,,,,,,,
6,August,3,5,0,0,0,0,0,0,0,0,MR,,,,,,,,,,,,,,,,,,
6,August,1,7,3,4,0,0,0,0,0,0,MR,,,,,,,,,,,,,,,,,,
6,August,2,5,0,0,0,0,0,0,0,0,MR,,,,,,,,,,,,,,,,,,
6,August,2,5,0,0,0,0,0,0,0,0,MR,,,,,,,,,,,,,,,,,,
6,August,2,4,0,0,0,0,0,0,0,0,MR,,,,,,,,,,,,,,,,,,
6,August,2,6,0,0,0,0,0,0,0,0,MR,,,,,,,,,,,,,,,,,,
15,August,1,6,0,3,0,0,0,0,0,0,MR,,,,,,,,,,,,,,,,,,
15,August,2,6,0,0,0,0,0,0,0,0,MR,,,,,,,,,,,,,,,,,,
15,August,2,4,0,0,0,0,0,0,0,0,MR,,,,,,,,,,,,,,,,,,
15,August,2,4,0,0,0,0,0,0,0,0,MR,,,,,,,,,,,,,,,,,,
15,August,2,5,0,0,0,0,0,0,0,0,MR,,,,,,,,,,,,,,,,,,
15,August,2,4,0,0,0,0,0,0,0,0,MR,,,,,,,,,,,,,,,,,,
13,August,1,3,0,0,0,0,0,0,0,0,MR,,,,,,,,,,,,,,,,,,
13,August,2,5,1,0,0,0,0,0,0,0,MR,,,,,,,,,,,,,,,,,,
13,August,2,4,0,0,0,0,0,0,0,0,MR,,,,,,,,,,,,,,,,,,
13,August,2,4,0,0,0,0,0,0,0,0,MR,,,,,,,,,,,,,,,,,,
13,August,2,6,0,0,0,0,0,0,0,0,MR,,,,,,,,,,,,,,,,,,
13,August,3,4,0,0,0,0,0,0,0,0,MR,,,,,,,,,,,,,,,,,,
4,August,3,7,0,0,0,0,0,0,0,0,MR,,,,,,,,,,,,,,,,,,
4,August,3,7,0,0,0,0,0,0,0,0,MR,,,,,,,,,,,,,,,,,,
4,August,2,5,0,0,0,0,0,0,0,0,MR,,,,,,,,,,,,,,,,,,
4,August,2,5,1,1,0,0,0,0,0,0,MR,,,,,,,,,,,,,,,,,,
4,August,2,6,0,0,0,0,0,0,0,0,MR,,,,,,,,,,,,,,,,,,
4,August,2,8,0,0,0,0,0,0,0,0,MR,,,,,,,,,,,,,,,,,,
11,August,1,6,0,1,0,0,0,1,0,Assasin bug,MR,,,,,,,,,,,,,,,,,,
11,August,1,5,0,0,0,0,0,0,0,0,MR,,,,,,,,,,,,,,,,,,
11,August,2,5,0,0,0,0,0,0,0,0,MR,,,,,,,,,,,,,,,,,,
11,August,2,6,0,0,0,0,0,0,0,0,MR,,,,,,,,,,,,,,,,,,
11,August,2,6,0,0,0,0,0,0,0,0,MR,,,,,,,,,,,,,,,,,,
11,August,2,6,0,0,0,0,0,0,0,0,MR,,,,,,,,,,,,,,,,,,
14,August,1,5,0,0,1,0,0,0,0,0,MR,,,,,,,,,,,,,,,,,,
14,August,2,7,0,0,0,0,0,0,0,0,MR,,,,,,,,,,,,,,,,,,
14,August,3,6,0,0,0,0,0,0,0,0,MR,,,,,,,,,,,,,,,,,,
14,August,3,6,0,0,0,0,0,0,0,0,MR,,,,,,,,,,,,,,,,,,
14,August,2,4,0,0,0,0,0,0,0,0,MR,,,,,,,,,,,,,,,,,,
14,August,2,6,6,3,2,0,0,0,0,0,MR,,,,,,,,,,,,,,,,,,
17,August,2,5,0,0,0,0,0,0,0,0,MR,,,,,,,,,,,,,,,,,,
17,August,2,5,0,0,0,0,0,0,0,0,MR,,,,,,,,,,,,,,,,,,
17,August,2,4,0,0,0,0,0,0,0,0,MR,,,,,,,,,,,,,,,,,,
17,August,2,6,0,0,0,0,0,0,0,0,MR,,,,,,,,,,,,,,,,,,
17,August,2,5,0,0,0,0,0,0,0,0,MR,,,,,,,,,,,,,,,,,,
17,August,2,6,0,0,0,0,0,0,0,0,MR,,,,,,,,,,,,,,,,,,
3,October,2,7,0,0,0,0,0,0,0,0,MR,,,,,,,,,,,,,,,,,,
3,October,2,7,0,0,0,0,0,0,0,0,MR,,,,,,,,,,,,,,,,,,
3,October,2,8,0,0,0,0,0,0,0,0,MR,,,,,,,,,,,,,,,,,,
3,October,3,5,3,0,2,0,0,0,0,0,MR,,,,,,,,,,,,,,,,,,
3,October,2,7,0,0,0,0,0,0,0,0,MR,,,,,,,,,,,,,,,,,,
3,October,2,6,3,0,1,0,0,0,0,0,MR,,,,,,,,,,,,,,,,,,
20,October,2,7,0,0,0,0,0,0,0,0,MR,,,,,,,,,,,,,,,,,,
20,October,2,5,1,0,0,0,0,0,0,0,MR,,,,,,,,,,,,,,,,,,
20,October,3,5,0,0,0,0,0,0,0,0,MR,,,,,,,,,,,,,,,,,,
20,October,3,5,0,0,0,0,0,0,0,0,MR,,,,,,,,,,,,,,,,,,
20,October,1,4,0,1,1,0,0,0,0,0,MR,,,,,,,,,,,,,,,,,,
20,October,1,4,0,0,0,0,0,0,0,0,MR,,,,,,,,,,,,,,,,,,
6,October,3,4,2,1,0,0,0,0,0,0,MR,,,,,,,,,,,,,,,,,,
6,October,2,6,0,0,0,0,0,0,0,0,MR,,,,,,,,,,,,,,,,,,
6,October,2,7,0,0,0,0,0,0,0,0,MR,,,,,,,,,,,,,,,,,,
6,October,2,5,3,1,1,0,0,0,0,0,MR,,,,,,,,,,,,,,,,,,
6,October,2,5,0,0,0,0,0,0,0,0,MR,,,,,,,,,,,,,,,,,,
6,October,3,6,0,0,0,0,0,0,0,0,MR,,,,,,,,,,,,,,,,,,
10,October,2,4,0,0,0,0,0,0,0,0,MR,,,,,,,,,,,,,,,,,,
10,October,3,5,0,0,0,0,0,0,0,0,MR,,,,,,,,,,,,,,,,,,
10,October,3,3,0,0,1,0,0,0,0,0,MR,,,,,,,,,,,,,,,,,,
10,October,3,5,0,0,1,0,0,0,0,0,MR,,,,,,,,,,,,,,,,,,
10,October,3,4,0,0,0,0,0,0,0,0,MR,,,,,,,,,,,,,,,,,,
10,October,2,4,0,0,0,0,0,0,0,0,MR,,,,,,,,,,,,,,,,,,
14,October,1,5,0,5,0,0,0,0,0,0,MR,,,,,,,,,,,,,,,,,,
14,October,3,5,0,0,0,0,0,0,0,0,MR,,,,,,,,,,,,,,,,,,
14,October,3,4,0,0,0,0,0,0,0,0,MR,,,,,,,,,,,,,,,,,,
14,October,3,5,0,0,0,0,0,0,0,0,MR,,,,,,,,,,,,,,,,,,
14,October,2,4,0,0,0,0,0,0,0,0,MR,,,,,,,,,,,,,,,,,,
14,October,2,6,0,0,0,0,0,0,0,0,MR,,,,,,,,,,,,,,,,,,
21,October,3,5,0,0,0,0,0,0,0,0,MR,,,,,,,,,,,,,,,,,,
21,October,1,4,0,0,2,0,0,0,0,0,MR,,,,,,,,,,,,,,,,,,
21,October,1,4,0,4,0,0,0,0,0,0,MR,,,,,,,,,,,,,,,,,,
21,October,3,5,0,0,0,0,0,0,0,0,MR,,,,,,,,,,,,,,,,,,
21,October,3,6,0,0,0,0,0,0,0,0,MR,,,,,,,,,,,,,,,,,,
21,October,2,7,0,0,0,0,0,0,0,0,MR,,,,,,,,,,,,,,,,,,
17,October,1,2,0,0,0,0,0,0,0,0,MR,,,,,,,,,,,,,,,,,,
17,October,3,5,0,0,0,0,0,0,0,0,MR,,,,,,,,,,,,,,,,,,
17,October,2,4,0,0,0,0,0,0,0,0,MR,,,,,,,,,,,,,,,,,,
17,October,2,5,0,0,0,0,0,0,0,0,MR,,,,,,,,,,,,,,,,,,
17,October,2,5,0,0,0,0,0,0,0,0,MR,,,,,,,,,,,,,,,,,,
17,October,2,5,0,0,0,0,0,0,0,0,MR,,,,,,,,,,,,,,,,,,
15,October,2,8,6,3,0,0,0,0,0,0,MR,,,,,,,,,,,,,,,,,,
15,October,1,6,18,3,6,0,0,0,0,0,MR,,,,,,,,,,,,,,,,,,
15,October,3,4,0,0,1,0,0,0,0,0,MR,,,,,,,,,,,,,,,,,,
15,October,3,3,0,0,0,0,0,0,0,0,MR,,,,,,,,,,,,,,,,,,
15,October,2,5,0,0,0,0,0,0,0,0,MR,,,,,,,,,,,,,,,,,,
15,October,2,5,0,0,0,0,0,0,0,0,MR,,,,,,,,,,,,,,,,,,
9,October,2,6,0,0,0,0,0,0,0,0,MR,,,,,,,,,,,,,,,,,,
9,October,3,5,0,0,0,0,0,0,0,0,MR,,,,,,,,,,,,,,,,,,
9,October,2,6,0,0,0,0,0,0,0,0,MR,,,,,,,,,,,,,,,,,,
9,October,3,5,0,0,0,0,0,0,0,0,MR,,,,,,,,,,,,,,,,,,
9,October,3,5,0,0,0,0,0,0,0,0,MR,,,,,,,,,,,,,,,,,,
9,October,2,5,0,0,0,0,0,0,0,0,MR,,,,,,,,,,,,,,,,,,
13,October,2,5,1,0,0,0,0,0,0,0,MR,,,,,,,,,,,,,,,,,,
13,October,3,4,0,0,0,0,0,0,0,0,MR,,,,,,,,,,,,,,,,,,
13,October,3,5,0,0,0,0,0,0,0,0,MR,,,,,,,,,,,,,,,,,,
13,October,2,4,0,0,0,0,0,0,0,0,MR,,,,,,,,,,,,,,,,,,
13,October,3,4,0,0,0,0,0,0,0,0,MR,,,,,,,,,,,,,,,,,,
13,October,3,5,0,0,0,0,0,0,0,0,MR,,,,,,,,,,,,,,,,,,
12,October,1,4,0,1,0,0,0,0,0,0,MR,,,,,,,,,,,,,,,,,,
12,October,3,5,0,0,0,0,0,0,0,0,MR,,,,,,,,,,,,,,,,,,
12,October,3,2,0,0,0,0,0,0,0,0,MR,,,,,,,,,,,,,,,,,,
12,October,3,4,0,0,0,0,0,0,0,0,MR,,,,,,,,,,,,,,,,,,
12,October,3,5,0,0,0,0,0,0,0,0,MR,,,,,,,,,,,,,,,,,,
12,October,3,4,0,0,0,0,0,0,0,0,MR,,,,,,,,,,,,,,,,,,
11,October,1,4,2,2,0,0,0,0,0,0,MR,,,,,,,,,,,,,,,,,,
11,October,1,4,2,0,1,0,0,0,0,0,MR,,,,,,,,,,,,,,,,,,
11,October,2,5,0,0,0,0,0,0,0,0,MR,,,,,,,,,,,,,,,,,,
11,October,2,5,0,0,0,0,0,0,0,0,MR,,,,,,,,,,,,,,,,,,
11,October,2,5,0,0,0,0,0,0,0,0,MR,,,,,,,,,,,,,,,,,,
11,October,2,4,0,0,0,0,0,0,0,0,MR,,,,,,,,,,,,,,,,,,
19,October,3,4,0,0,0,0,0,0,0,0,MR,,,,,,,,,,,,,,,,,,
19,October,3,5,0,0,0,0,0,0,0,0,MR,,,,,,,,,,,,,,,,,,
19,October,3,6,0,0,0,0,0,0,0,0,MR,,,,,,,,,,,,,,,,,,
19,October,2,5,0,0,0,0,0,0,0,0,MR,,,,,,,,,,,,,,,,,,
19,October,2,6,0,0,0,0,0,0,0,0,MR,,,,,,,,,,,,,,,,,,
19,October,2,6,0,0,0,0,0,0,0,0,MR,,,,,,,,,,,,,,,,,,
16,October,3,5,0,0,0,0,0,0,0,0,MR,,,,,,,,,,,,,,,,,,
16,October,2,5,0,0,0,0,0,0,0,0,MR,,,,,,,,,,,,,,,,,,
16,October,2,5,0,0,0,0,0,0,0,0,MR,,,,,,,,,,,,,,,,,,
16,October,2,5,0,0,0,0,0,0,0,0,MR,,,,,,,,,,,,,,,,,,
16,October,2,5,0,0,0,0,0,0,0,0,MR,,,,,,,,,,,,,,,,,,
16,October,2,5,0,0,0,0,0,0,0,0,MR,,,,,,,,,,,,,,,,,,
5,October,3,5,0,0,0,0,0,0,0,0,MR,,,,,,,,,,,,,,,,,,
5,October,3,5,0,0,0,0,0,0,0,0,MR,,,,,,,,,,,,,,,,,,
5,October,2,5,1,0,1,0,0,0,0,0,MR,,,,,,,,,,,,,,,,,,
5,October,2,6,0,0,0,0,0,0,0,0,MR,,,,,,,,,,,,,,,,,,
5,October,1,4,0,2,0,0,0,0,0,0,MR,,,,,,,,,,,,,,,,,,
5,October,1,3,0,4,0,0,0,0,0,0,MR,,,,,,,,,,,,,,,,,,
2,October,2,6,0,0,0,0,0,0,0,0,MR,,,,,,,,,,,,,,,,,,
2,October,3,6,0,0,0,0,0,0,0,0,MR,,,,,,,,,,,,,,,,,,
2,October,2,5,0,0,0,0,0,0,0,0,MR,,,,,,,,,,,,,,,,,,
2,October,2,5,4,0,0,0,0,0,0,0,MR,,,,,,,,,,,,,,,,,,
2,October,3,6,0,0,0,0,0,0,0,0,MR,,,,,,,,,,,,,,,,,,
2,October,3,5,0,0,0,0,0,0,0,0,MR,,,,,,,,,,,,,,,,,,
8,October,1,5,0,2,0,0,0,0,0,0,MR,,,,,,,,,,,,,,,,,,
8,October,2,6,0,0,0,0,0,0,0,0,MR,,,,,,,,,,,,,,,,,,
8,October,2,5,2,2,0,0,0,0,0,0,MR,,,,,,,,,,,,,,,,,,
8,October,3,6,0,0,0,0,0,0,0,0,MR,,,,,,,,,,,,,,,,,,
8,October,3,5,0,0,0,0,0,0,0,0,MR,,,,,,,,,,,,,,,,,,
8,October,3,5,0,0,0,0,0,0,0,0,MR,,,,,,,,,,,,,,,,,,
7,October,3,6,0,0,0,0,0,0,0,0,MR,,,,,,,,,,,,,,,,,,
7,October,3,7,0,0,0,0,0,0,0,0,MR,,,,,,,,,,,,,,,,,,
7,October,3,6,0,0,0,0,0,0,0,0,MR,,,,,,,,,,,,,,,,,,
7,October,2,6,0,0,0,0,0,0,0,0,MR,,,,,,,,,,,,,,,,,,
7,October,2,7,0,0,0,0,0,0,0,0,MR,,,,,,,,,,,,,,,,,,
7,October,2,7,0,0,0,0,0,0,0,0,MR,,,,,,,,,,,,,,,,,,
4,October,3,6,0,0,0,0,0,0,0,0,MR,,,,,,,,,,,,,,,,,,
4,October,3,6,0,0,0,0,0,0,0,0,MR,,,,,,,,,,,,,,,,,,
4,October,2,7,0,0,0,0,0,0,0,0,MR,,,,,,,,,,,,,,,,,,
4,October,2,6,0,0,0,0,0,0,0,0,MR,,,,,,,,,,,,,,,,,,
4,October,2,5,1,0,0,0,0,0,0,0,MR,,,,,,,,,,,,,,,,,,
18,October,3,5,0,0,0,0,0,0,0,0,MR,,,,,,,,,,,,,,,,,,
18,October,3,4,0,0,0,0,0,0,0,0,MR,,,,,,,,,,,,,,,,,,
18,October,3,6,0,0,0,0,0,0,0,0,MR,,,,,,,,,,,,,,,,,,
18,October,2,4,0,0,0,0,0,0,0,0,MR,,,,,,,,,,,,,,,,,,
18,October,2,6,0,0,0,0,0,0,0,0,MR,,,,,,,,,,,,,,,,,,
18,October,2,6,0,0,0,0,0,0,0,0,MR,,,,,,,,,,,,,,,,,,
4,November,2,6,0,0,0,0,0,0,0,0,MR,,,,,,,,,,,,,,,,,,
4,November,2,6,0,0,0,0,0,0,0,0,MR,,,,,,,,,,,,,,,,,,
4,November,3,5,0,0,0,0,0,0,0,0,MR,,,,,,,,,,,,,,,,,,
4,November,3,6,0,0,0,0,0,0,0,0,MR,,,,,,,,,,,,,,,,,,
4,November,3,7,0,0,0,0,0,0,0,0,MR,,,,,,,,,,,,,,,,,,
4,November,3,6,0,0,0,0,0,0,0,0,MR,,,,,,,,,,,,,,,,,,
19,November,2,6,0,0,0,0,0,0,0,0,MR,,,,,,,,,,,,,,,,,,
19,November,2,5,0,0,0,0,0,0,0,0,MR,,,,,,,,,,,,,,,,,,
19,November,3,6,0,0,0,0,0,0,0,0,MR,,,,,,,,,,,,,,,,,,
19,November,3,4,0,0,0,0,0,0,0,0,MR,,,,,,,,,,,,,,,,,,
19,November,3,4,0,0,0,0,0,0,0,0,MR,,,,,,,,,,,,,,,,,,
19,November,3,4,0,0,0,0,0,0,0,0,MR,,,,,,,,,,,,,,,,,,
19,November,3,4,0,0,0,0,0,0,0,0,MR,,,,,,,,,,,,,,,,,,
16,November,3,5,0,0,0,0,0,0,0,0,MR,,,,,,,,,,,,,,,,,,
16,November,2,5.5,0,0,0,0,0,0,0,0,MR,,,,,,,,,,,,,,,,,,
16,November,3,5.5,0,0,0,0,0,0,0,0,MR,,,,,,,,,,,,,,,,,,
16,November,2,5.5,0,0,0,0,0,0,0,0,MR,,,,,,,,,,,,,,,,,,
16,November,2,6,0,0,0,0,0,0,0,0,MR,,,,,,,,,,,,,,,,,,
16,November,2,6,0,0,0,0,0,0,0,0,MR,,,,,,,,,,,,,,,,,,
14,November,3,5,0,0,0,0,0,0,0,0,MR,,,,,,,,,,,,,,,,,,
14,November,2,5,0,0,0,0,0,0,0,0,MR,,,,,,,,,,,,,,,,,,
14,November,2,5,0,0,0,0,0,0,0,0,MR,,,,,,,,,,,,,,,,,,
14,November,3,5,0,0,0,0,0,0,0,0,MR,,,,,,,,,,,,,,,,,,
14,November,2,5,0,0,0,0,0,0,0,0,MR,,,,,,,,,,,,,,,,,,
14,November,3,5,0,0,0,0,0,0,0,0,MR,,,,,,,,,,,,,,,,,,
18,November,2,6,0,0,0,0,0,0,0,0,MR,,,,,,,,,,,,,,,,,,
18,November,2,6,0,0,0,0,0,0,0,0,MR,,,,,,,,,,,,,,,,,,
18,November,2,7,0,0,0,0,0,0,0,0,MR,,,,,,,,,,,,,,,,,,
18,November,3,5,0,0,0,0,0,0,0,0,MR,,,,,,,,,,,,,,,,,,
18,November,3,4,0,0,0,0,0,0,0,0,MR,,,,,,,,,,,,,,,,,,
18,November,3,4,0,0,0,0,0,0,0,0,MR,,,,,,,,,,,,,,,,,,
13,November,3,3,0,0,0,0,0,0,0,0,MR,,,,,,,,,,,,,,,,,,
13,November,3,4,0,0,0,0,0,0,0,0,MR,,,,,,,,,,,,,,,,,,
13,November,3,4,0,0,0,0,0,0,0,0,MR,,,,,,,,,,,,,,,,,,
13,November,2,5,0,0,0,0,0,0,0,0,MR,,,,,,,,,,,,,,,,,,
13,November,2,5,0,1,0,0,0,0,0,0,MR,,,,,,,,,,,,,,,,,,
13,November,2,6,0,0,0,0,0,0,0,0,MR,,,,,,,,,,,,,,,,,,
10,November,2,4,1,1,0,0,0,0,0,0,MR,,,,,,,,,,,,,,,,,,
10,November,1,3,0,0,2,0,0,0,0,0,MR,,,,,,,,,,,,,,,,,,
10,November,1,6,3,0,0,0,0,0,0,0,MR,,,,,,,,,,,,,,,,,,
10,November,3,4,0,0,0,0,0,0,0,0,MR,,,,,,,,,,,,,,,,,,
10,November,2,4,0,0,0,0,0,0,0,0,MR,,,,,,,,,,,,,,,,,,
10,November,2,4,0,0,0,0,0,0,0,0,MR,,,,,,,,,,,,,,,,,,
3,November,2,5,0,0,0,0,0,0,0,0,MR,,,,,,,,,,,,,,,,,,
3,November,2,5,0,0,0,0,0,0,0,0,MR,,,,,,,,,,,,,,,,,,
3,November,2,6,0,0,0,0,0,0,0,0,MR,,,,,,,,,,,,,,,,,,
3,November,2,4,0,0,0,0,0,0,0,0,MR,,,,,,,,,,,,,,,,,,
3,November,2,4,0,0,0,0,0,0,0,0,MR,,,,,,,,,,,,,,,,,,
3,November,2,4,0,0,0,0,0,0,0,0,MR,,,,,,,,,,,,,,,,,,
11,November,1,4,0,0,1,0,0,0,0,0,MR,,,,,,,,,,,,,,,,,,
11,November,3,4,0,0,0,0,0,0,0,0,MR,,,,,,,,,,,,,,,,,,
11,November,2,4,0,0,0,0,0,0,0,0,MR,,,,,,,,,,,,,,,,,,
11,November,2,5,0,0,0,0,0,0,0,0,MR,,,,,,,,,,,,,,,,,,
11,November,3,5,0,0,0,0,0,0,0,0,MR,,,,,,,,,,,,,,,,,,
11,November,2,5,0,0,0,0,0,0,0,0,MR,,,,,,,,,,,,,,,,,,
2,November,2,5,0,0,0,0,0,0,0,0,MR,,,,,,,,,,,,,,,,,,
2,November,2,6,0,0,0,0,0,0,0,0,MR,,,,,,,,,,,,,,,,,,
2,November,2,5,0,0,0,0,0,0,0,0,MR,,,,,,,,,,,,,,,,,,
2,November,2,5,0,0,0,0,0,0,0,0,MR,,,,,,,,,,,,,,,,,,
2,November,3,6,0,0,0,0,0,0,0,0,MR,,,,,,,,,,,,,,,,,,
2,November,3,5,0,0,0,0,0,0,0,0,MR,,,,,,,,,,,,,,,,,,
8,November,1,1,0,1,0,0,0,0,0,0,MR,,,,,,,,,,,,,,,,,,
8,November,3,2,0,0,0,0,0,0,0,0,MR,,,,,,,,,,,,,,,,,,
8,November,1,4,0,4,0,0,0,0,0,0,MR,,,,,,,,,,,,,,,,,,
8,November,2,5,1,1,0,0,0,0,0,0,MR,,,,,,,,,,,,,,,,,,
8,November,2,5,0,0,1,0,0,0,0,0,MR,,,,,,,,,,,,,,,,,,
8,November,2,4,0,0,0,0,0,0,0,0,MR,,,,,,,,,,,,,,,,,,
5,November,2,4,0,0,0,0,0,0,0,0,MR,,,,,,,,,,,,,,,,,,
5,November,3,5,0,0,0,0,0,0,0,0,MR,,,,,,,,,,,,,,,,,,
5,November,3,4,0,0,0,0,0,0,0,0,MR,,,,,,,,,,,,,,,,,,
5,November,2,5,4,0,0,0,0,0,0,0,MR,,,,,,,,,,,,,,,,,,
5,November,2,6,0,0,0,0,0,0,0,0,MR,,,,,,,,,,,,,,,,,,
5,November,2,6,1,0,0,0,0,0,0,0,MR,,,,,,,,,,,,,,,,,,
9,November,3,5,0,0,0,0,0,0,0,0,MR,,,,,,,,,,,,,,,,,,
9,November,3,4,0,0,0,0,0,0,0,0,MR,,,,,,,,,,,,,,,,,,
9,November,3,5,0,0,0,0,0,0,0,0,MR,,,,,,,,,,,,,,,,,,
9,November,2,5,0,0,0,0,0,0,0,0,MR,,,,,,,,,,,,,,,,,,
9,November,2,5,0,0,0,0,0,0,0,0,MR,,,,,,,,,,,,,,,,,,
9,November,2,4,0,0,0,0,0,0,0,0,MR,,,,,,,,,,,,,,,,,,
12,November,1,4,0,0,1,0,0,0,0,0,MR,,,,,,,,,,,,,,,,,,
12,November,1,4.5,0,0,2,0,0,0,0,0,MR,,,,,,,,,,,,,,,,,,
12,November,2,6,0,0,0,0,0,0,0,0,MR,,,,,,,,,,,,,,,,,,
12,November,3,6,0,0,0,0,0,0,0,0,MR,,,,,,,,,,,,,,,,,,
12,November,2,5,0,0,0,0,0,0,0,0,MR,,,,,,,,,,,,,,,,,,
12,November,2,6.5,0,0,0,0,0,0,0,0,MR,,,,,,,,,,,,,,,,,,
20,November,1,6,0,0,1,0,0,0,0,0,MR,,,,,,,,,,,,,,,,,,
20,November,3,5.5,0,0,0,0,0,0,0,0,MR,,,,,,,,,,,,,,,,,,
20,November,3,5,0,0,0,0,0,0,0,0,MR,,,,,,,,,,,,,,,,,,
20,November,2,6,0,0,0,0,0,0,0,0,MR,,,,,,,,,,,,,,,,,,
20,November,3,5.5,0,0,0,0,0,0,0,0,MR,,,,,,,,,,,,,,,,,,
20,November,1,7,6,0,5,0,0,0,0,0,MR,,,,,,,,,,,,,,,,,,
7,November,3,6,0,0,0,0,0,0,0,0,MR,,,,,,,,,,,,,,,,,,
7,November,3,5,0,0,0,0,0,0,0,0,MR,,,,,,,,,,,,,,,,,,
7,November,3,6,0,0,0,0,0,0,0,0,MR,,,,,,,,,,,,,,,,,,
7,November,3,5,0,0,0,0,0,0,0,0,MR,,,,,,,,,,,,,,,,,,
7,November,3,7,0,0,0,0,0,0,0,0,MR,,,,,,,,,,,,,,,,,,
7,November,3,7,0,0,0,0,0,0,0,0,MR,,,,,,,,,,,,,,,,,,
17,November,2,5,0,0,0,0,0,0,0,0,MR,,,,,,,,,,,,,,,,,,
17,November,2,5,0,0,0,0,0,0,0,0,MR,,,,,,,,,,,,,,,,,,
17,November,3,5,0,0,0,0,0,0,0,0,MR,,,,,,,,,,,,,,,,,,
17,November,2,6,0,0,0,0,0,0,0,0,MR,,,,,,,,,,,,,,,,,,
17,November,3,6,0,0,0,0,0,0,0,0,MR,,,,,,,,,,,,,,,,,,
17,November,3,6,0,0,0,0,0,0,0,0,MR,,,,,,,,,,,,,,,,,,
6,November,3,5,0,2,0,0,0,0,0,0,MR,,,,,,,,,,,,,,,,,,
6,November,2,4,0,0,0,0,0,2,0,0,MR,,,,,,,,,,,,,,,,,,
6,November,2,7,1,0,1,0,0,0,0,0,MR,,,,,,,,,,,,,,,,,,
6,November,2,4,0,0,0,0,0,0,0,0,MR,,,,,,,,,,,,,,,,,,
6,November,3,5,0,0,0,0,0,0,0,0,MR,,,,,,,,,,,,,,,,,,
6,November,2,5,0,0,0,0,0,0,0,0,MR,,,,,,,,,,,,,,,,,,
15,November,3,5,0,6,0,0,0,0,0,0,MR,,,,,,,,,,,,,,,,,,
15,November,2,4.5,0,0,0,0,0,0,0,0,MR,,,,,,,,,,,,,,,,,,
15,November,3,5,0,0,0,0,0,1,0,0,MR,,,,,,,,,,,,,,,,,,
15,November,2,4.5,0,0,0,0,0,0,0,0,MR,,,,,,,,,,,,,,,,,,
15,November,2,4.5,0,0,0,0,0,0,0,0,MR,,,,,,,,,,,,,,,,,,
15,November,3,5,0,0,0,0,0,0,0,0,MR,,,,,,,,,,,,,,,,,,
21,November,2,5.5,0,0,0,0,0,0,0,0,MR,,,,,,,,,,,,,,,,,,
21,November,1,5,0,0,3,0,0,0,0,0,MR,,,,,,,,,,,,,,,,,,
21,November,3,6,0,0,0,0,0,0,0,0,MR,,,,,,,,,,,,,,,,,,
21,November,3,7,0,0,0,0,0,0,0,0,MR,,,,,,,,,,,,,,,,,,
21,November,2,6,0,0,0,0,0,0,0,0,MR,,,,,,,,,,,,,,,,,,
21,November,3,6,0,0,0,0,0,0,0,0,MR,,,,,,,,,,,,,,,,,,
17,December,3,5,0,0,0,0,0,0,0,0,MR,,,,,,,,,,,,,,,,,,
17,December,2,5,0,0,0,0,0,0,0,0,MR,,,,,,,,,,,,,,,,,,
17,December,2,5,0,0,0,0,0,0,0,0,MR,,,,,,,,,,,,,,,,,,
17,December,2,5.5,0,0,0,0,0,0,0,0,MR,,,,,,,,,,,,,,,,,,
17,December,2,4.5,0,0,0,0,0,0,0,0,MR,,,,,,,,,,,,,,,,,,
17,December,2,5,0,0,0,0,0,0,0,0,MR,,,,,,,,,,,,,,,,,,
19,December,3,6,0,0,0,0,0,0,0,0,MR,,,,,,,,,,,,,,,,,,
19,December,3,6,0,0,0,0,0,0,0,0,MR,,,,,,,,,,,,,,,,,,
19,December,3,6,0,0,0,0,0,0,0,0,MR,,,,,,,,,,,,,,,,,,
19,December,2,4,0,0,0,0,0,0,0,0,MR,,,,,,,,,,,,,,,,,,
19,December,2,5,0,0,0,0,0,0,0,0,MR,,,,,,,,,,,,,,,,,,
19,December,2,4,0,0,0,0,0,0,0,0,MR,,,,,,,,,,,,,,,,,,
20,December,3,5,0,0,0,0,0,0,0,0,MR,,,,,,,,,,,,,,,,,,
20,December,3,5.5,0,0,0,0,0,0,0,0,MR,,,,,,,,,,,,,,,,,,
20,December,2,6,4,0,0,0,0,0,0,0,MR,,,,,,,,,,,,,,,,,,
20,December,2,6,0,0,0,0,0,0,0,0,MR,,,,,,,,,,,,,,,,,,
20,December,3,6,0,0,0,0,0,0,0,0,MR,,,,,,,,,,,,,,,,,,
20,December,1,5,0,0,0,0,0,0,0,0,MR,,,,,,,,,,,,,,,,,,
21,December,1,3,0,0,3,0,0,0,0,0,MR,,,,,,,,,,,,,,,,,,
21,December,1,5.5,10,5,2,0,0,0,0,0,MR,,,,,,,,,,,,,,,,,,
21,December,3,5,0,0,0,0,0,0,0,0,MR,,,,,,,,,,,,,,,,,,
21,December,2,5.5,0,0,0,0,0,0,0,0,MR,,,,,,,,,,,,,,,,,,
21,December,2,6,0,0,0,0,0,0,0,0,MR,,,,,,,,,,,,,,,,,,
21,December,2,6,0,0,0,0,0,0,0,0,MR,,,,,,,,,,,,,,,,,,
18,December,3,5,0,0,0,0,0,0,0,0,MR,,,,,,,,,,,,,,,,,,
18,December,3,4.5,0,0,0,0,0,0,0,0,MR,,,,,,,,,,,,,,,,,,
18,December,3,5,0,0,0,0,0,0,0,0,MR,,,,,,,,,,,,,,,,,,
18,December,2,5.5,0,0,0,0,0,0,0,0,MR,,,,,,,,,,,,,,,,,,
18,December,3,4.5,0,0,0,0,0,0,0,0,MR,,,,,,,,,,,,,,,,,,
18,December,2,5,0,0,0,0,0,0,0,0,MR,,,,,,,,,,,,,,,,,,
12,December,3,5,0,0,0,0,0,0,0,0,MR,,,,,,,,,,,,,,,,,,
12,December,3,4.5,0,0,0,0,0,0,0,0,MR,,,,,,,,,,,,,,,,,,
12,December,3,4.5,0,0,0,0,0,0,0,0,MR,,,,,,,,,,,,,,,,,,
12,December,3,4.5,0,0,0,0,0,0,0,0,MR,,,,,,,,,,,,,,,,,,
12,December,3,4.5,0,0,0,0,0,0,0,0,MR,,,,,,,,,,,,,,,,,,
12,December,1,3,0,0,0,0,0,0,0,0,MR,,,,,,,,,,,,,,,,,,
10,December,3,4,0,0,3,0,0,0,0,0,MR,,,,,,,,,,,,,,,,,,
10,December,3,3,0,0,0,0,0,0,0,0,MR,,,,,,,,,,,,,,,,,,
10,December,3,4,0,0,0,0,0,0,0,0,MR,,,,,,,,,,,,,,,,,,
10,December,1,3.5,0,4,0,0,0,0,0,0,MR,,,,,,,,,,,,,,,,,,
10,December,1,3,0,4,0,0,0,0,0,0,MR,,,,,,,,,,,,,,,,,,
10,December,3,3.5,0,0,0,0,0,0,0,0,MR,,,,,,,,,,,,,,,,,,
16,December,2,5.5,0,0,0,0,0,0,0,0,MR,,,,,,,,,,,,,,,,,,
16,December,2,6,0,0,0,0,0,0,0,0,MR,,,,,,,,,,,,,,,,,,
16,December,2,6,0,0,0,0,0,0,0,0,MR,,,,,,,,,,,,,,,,,,
16,December,2,6,0,0,0,0,0,0,0,0,MR,,,,,,,,,,,,,,,,,,
16,December,2,5,0,0,0,0,0,0,0,0,MR,,,,,,,,,,,,,,,,,,
16,December,3,3,0,0,0,0,0,0,0,0,MR,,,,,,,,,,,,,,,,,,
14,December,2,5,0,0,0,0,0,0,0,0,MR,,,,,,,,,,,,,,,,,,
14,December,2,6,0,0,0,0,0,0,0,0,MR,,,,,,,,,,,,,,,,,,
14,December,2,4,0,0,0,0,0,0,0,0,MR,,,,,,,,,,,,,,,,,,
14,December,2,5,0,0,0,0,0,0,0,0,MR,,,,,,,,,,,,,,,,,,
14,December,3,6,0,0,0,0,0,0,0,0,MR,,,,,,,,,,,,,,,,,,
14,December,3,4.5,0,0,0,0,0,0,0,0,MR,,,,,,,,,,,,,,,,,,
13,December,3,4,0,0,0,0,0,0,0,0,MR,,,,,,,,,,,,,,,,,,
13,December,3,4,0,0,0,0,0,0,0,0,MR,,,,,,,,,,,,,,,,,,
13,December,2,2,0,0,0,0,0,0,0,0,MR,,,,,,,,,,,,,,,,,,
13,December,2,4,0,0,0,0,0,0,0,0,MR,,,,,,,,,,,,,,,,,,
13,December,2,4,0,0,0,0,0,0,0,0,MR,,,,,,,,,,,,,,,,,,
13,December,2,4,0,0,0,0,0,0,0,0,MR,,,,,,,,,,,,,,,,,,
8,December,1,2,0,0,3,0,0,0,0,0,MR,,,,,,,,,,,,,,,,,,
8,December,3,4.5,0,0,0,0,0,0,0,0,MR,,,,,,,,,,,,,,,,,,
8,December,2,5,0,0,0,0,0,0,0,0,MR,,,,,,,,,,,,,,,,,,
8,December,2,5.5,0,0,0,0,0,0,0,0,MR,,,,,,,,,,,,,,,,,,
8,December,2,4.5,0,0,0,0,0,0,0,0,MR,,,,,,,,,,,,,,,,,,
8,December,2,5,0,0,0,0,0,0,0,0,MR,,,,,,,,,,,,,,,,,,
9,December,2,5,0,0,0,0,0,0,0,0,MR,,,,,,,,,,,,,,,,,,
9,December,3,5,0,0,0,0,0,0,0,0,MR,,,,,,,,,,,,,,,,,,
9,December,3,4.5,0,0,0,0,0,0,0,0,MR,,,,,,,,,,,,,,,,,,
9,December,3,5.5,0,0,0,0,0,0,0,0,MR,,,,,,,,,,,,,,,,,,
9,December,3,5,0,0,0,0,0,0,0,0,MR,,,,,,,,,,,,,,,,,,
9,December,3,6,0,0,0,0,0,0,0,0,MR,,,,,,,,,,,,,,,,,,
15,December,3,5.5,0,0,0,0,0,0,0,0,MR,,,,,,,,,,,,,,,,,,
15,December,3,5.5,0,0,0,0,0,0,0,0,MR,,,,,,,,,,,,,,,,,,
15,December,3,5,0,0,0,0,0,0,0,0,MR,,,,,,,,,,,,,,,,,,
15,December,3,5,0,0,0,0,0,0,0,0,MR,,,,,,,,,,,,,,,,,,
15,December,3,5.5,0,0,0,0,0,0,0,0,MR,,,,,,,,,,,,,,,,,,
15,December,3,5,0,0,0,0,0,0,0,0,MR,,,,,,,,,,,,,,,,,,
5,December,1,3,1,2,0,0,0,0,0,0,MR,,,,,,,,,,,,,,,,,,
5,December,1,4,0,2,0,0,0,0,0,0,MR,,,,,,,,,,,,,,,,,,
5,December,2,5,2,0,0,0,0,0,0,0,MR,,,,,,,,,,,,,,,,,,
5,December,2,5.5,1,0,0,0,0,0,0,0,MR,,,,,,,,,,,,,,,,,,
5,December,3,4,0,0,0,0,0,0,0,0,MR,,,,,,,,,,,,,,,,,,
5,December,3,5.5,0,0,0,0,0,0,0,0,MR,,,,,,,,,,,,,,,,,,
11,December,1,4.5,1,3,0,0,0,0,0,0,MR,,,,,,,,,,,,,,,,,,
11,December,3,5,0,0,0,0,0,0,0,0,MR,,,,,,,,,,,,,,,,,,
11,December,3,5,0,0,0,0,0,0,0,0,MR,,,,,,,,,,,,,,,,,,
11,December,2,5,0,0,0,0,0,0,0,0,MR,,,,,,,,,,,,,,,,,,
11,December,2,5.5,0,0,0,0,0,0,0,0,MR,,,,,,,,,,,,,,,,,,
11,December,2,5,0,0,0,0,0,0,0,0,MR,,,,,,,,,,,,,,,,,,
3,December,3,6,0,0,0,0,0,0,0,0,MR,,,,,,,,,,,,,,,,,,
3,December,3,5.5,0,0,0,0,0,0,0,0,MR,,,,,,,,,,,,,,,,,,
3,December,3,5,0,0,0,0,0,0,0,0,MR,,,,,,,,,,,,,,,,,,
3,December,3,4.5,0,0,0,0,0,0,0,0,MR,,,,,,,,,,,,,,,,,,
3,December,3,5,0,0,0,0,0,0,0,0,MR,,,,,,,,,,,,,,,,,,
3,December,3,4.5,0,0,0,0,0,0,0,0,MR,,,,,,,,,,,,,,,,,,
6,December,3,4.5,0,0,0,0,0,0,0,0,MR,,,,,,,,,,,,,,,,,,
6,December,3,4,0,0,0,0,0,0,0,0,MR,,,,,,,,,,,,,,,,,,
6,December,3,5,0,0,0,0,0,0,0,0,MR,,,,,,,,,,,,,,,,,,
6,December,3,4.5,0,0,0,0,0,0,0,0,MR,,,,,,,,,,,,,,,,,,
6,December,3,4,0,0,0,0,0,0,0,0,MR,,,,,,,,,,,,,,,,,,
6,December,3,4,0,0,0,0,0,0,0,0,MR,,,,,,,,,,,,,,,,,,
2,December,2,6,0,0,0,0,0,0,0,0,MR,,,,,,,,,,,,,,,,,,
2,December,2,6,0,0,0,0,0,0,0,0,MR,,,,,,,,,,,,,,,,,,
2,December,2,6,0,0,0,0,0,0,0,0,MR,,,,,,,,,,,,,,,,,,
2,December,3,7,2,0,0,0,0,0,0,0,MR,,,,,,,,,,,,,,,,,,
2,December,3,4.5,0,0,0,0,0,0,0,0,MR,,,,,,,,,,,,,,,,,,
2,December,3,4.5,0,0,0,0,0,0,0,0,MR,,,,,,,,,,,,,,,,,,
4,December,2,6,0,0,0,0,0,0,0,0,MR,,,,,,,,,,,,,,,,,,
4,December,2,7,0,0,0,0,0,0,0,0,MR,,,,,,,,,,,,,,,,,,
4,December,2,3,0,0,0,0,0,0,0,0,MR,,,,,,,,,,,,,,,,,,
4,December,2,7,0,0,0,0,0,0,0,0,MR,,,,,,,,,,,,,,,,,,
4,December,3,8,0,0,0,0,0,0,0,0,MR,,,,,,,,,,,,,,,,,,
4,December,3,6,0,0,0,0,0,0,0,0,MR,,,,,,,,,,,,,,,,,,
7,December,3,5,0,0,0,0,0,0,0,0,MR,,,,,,,,,,,,,,,,,,
7,December,2,6,0,0,0,0,0,0,0,0,MR,,,,,,,,,,,,,,,,,,
7,December,2,6,0,0,0,0,0,0,0,0,MR,,,,,,,,,,,,,,,,,,
7,December,2,7,0,0,0,0,0,0,0,0,MR,,,,,,,,,,,,,,,,,,
7,December,2,7,0,0,0,0,0,0,0,0,MR,,,,,,,,,,,,,,,,,,
7,December,2,5,0,0,0,0,0,0,0,0,MR,,,,,,,,,,,,,,,,,,
19,September ,3,5,0,0,0,0,0,0,0,0,MR,,,,,,,,,,,,,,,,,,
19,September ,3,6,0,0,0,0,0,0,0,0,MR,,,,,,,,,,,,,,,,,,
19,September ,3,3,0,0,0,0,0,0,0,0,MR,,,,,,,,,,,,,,,,,,
19,September ,2,4,0,0,0,0,0,0,0,0,MR,,,,,,,,,,,,,,,,,,
19,September ,2,5,0,0,0,0,0,0,0,0,MR,,,,,,,,,,,,,,,,,,
19,September ,2,5,0,0,0,0,0,0,0,0,MR,,,,,,,,,,,,,,,,,,
15,September ,2,4,0,0,0,0,0,0,0,0,MR,,,,,,,,,,,,,,,,,,
15,September ,2,4,0,0,0,0,0,0,0,0,MR,,,,,,,,,,,,,,,,,,
15,September ,2,3,0,0,0,0,0,0,0,0,MR,,,,,,,,,,,,,,,,,,
15,September ,2,4,0,0,0,0,0,0,0,0,MR,,,,,,,,,,,,,,,,,,
15,September ,2,4,0,0,0,0,0,0,0,0,MR,,,,,,,,,,,,,,,,,,
15,September ,2,4,0,0,0,0,0,0,0,0,MR,,,,,,,,,,,,,,,,,,
2,September ,2,6,0,0,0,0,0,0,0,0,MR,,,,,,,,,,,,,,,,,,
2,September ,2,6,0,0,0,0,0,0,0,0,MR,,,,,,,,,,,,,,,,,,
2,September ,2,6,0,0,0,0,0,0,0,0,MR,,,,,,,,,,,,,,,,,,
2,September ,2,5,0,0,0,0,0,0,0,0,MR,,,,,,,,,,,,,,,,,,
2,September ,2,7,0,0,0,0,0,0,0,0,MR,,,,,,,,,,,,,,,,,,
2,September ,2,6,0,0,0,0,0,0,0,0,MR,,,,,,,,,,,,,,,,,,
7,September ,3,5,0,0,0,0,0,0,0,0,MR,,,,,,,,,,,,,,,,,,
7,September ,3,6,0,0,0,0,0,0,0,0,MR,,,,,,,,,,,,,,,,,,
7,September ,2,6,0,0,0,0,0,0,0,0,MR,,,,,,,,,,,,,,,,,,
7,September ,2,7,0,0,0,0,0,0,0,0,MR,,,,,,,,,,,,,,,,,,
7,September ,2,6,0,0,0,0,0,0,0,0,MR,,,,,,,,,,,,,,,,,,
7,September ,2,6,0,0,0,0,0,0,0,0,MR,,,,,,,,,,,,,,,,,,
3,September ,3,6,0,0,0,0,0,0,0,0,MR,,,,,,,,,,,,,,,,,,
3,September ,3,5,0,0,0,0,0,0,0,0,MR,,,,,,,,,,,,,,,,,,
3,September ,3,5,0,0,0,0,0,0,0,0,MR,,,,,,,,,,,,,,,,,,
3,September ,2,5,4,0,0,0,0,0,0,0,MR,,,,,,,,,,,,,,,,,,
3,September ,2,6,0,0,0,0,0,0,0,0,MR,,,,,,,,,,,,,,,,,,
3,September ,2,4,0,0,0,0,0,0,0,0,MR,,,,,,,,,,,,,,,,,,
21,September ,3,5,0,0,0,0,0,0,0,0,MR,,,,,,,,,,,,,,,,,,
21,September ,3,6,0,0,0,0,0,0,0,0,MR,,,,,,,,,,,,,,,,,,
21,September ,2,5,0,0,0,0,0,0,0,0,MR,,,,,,,,,,,,,,,,,,
21,September ,2,5,0,0,0,0,0,0,0,0,MR,,,,,,,,,,,,,,,,,,
21,September ,2,5,0,0,0,0,0,0,0,0,MR,,,,,,,,,,,,,,,,,,
21,September ,2,4,0,0,0,0,0,0,0,0,MR,,,,,,,,,,,,,,,,,,
5,September ,2,5,0,0,0,0,0,0,0,0,MR,,,,,,,,,,,,,,,,,,
5,September ,2,5,0,0,0,0,0,0,0,0,MR,,,,,,,,,,,,,,,,,,
5,September ,3,4.5,0,0,0,0,0,0,0,0,MR,,,,,,,,,,,,,,,,,,
5,September ,3,5,0,0,0,0,0,0,0,0,MR,,,,,,,,,,,,,,,,,,
5,September ,3,5,0,0,0,0,0,0,0,0,MR,,,,,,,,,,,,,,,,,,
5,September ,3,5,0,0,0,0,0,0,0,0,MR,,,,,,,,,,,,,,,,,,
16,September ,3,6,0,0,0,0,0,0,0,0,MR,,,,,,,,,,,,,,,,,,
16,September ,3,5,0,0,0,0,0,0,0,0,MR,,,,,,,,,,,,,,,,,,
16,September ,3,5,0,0,0,0,0,0,0,0,MR,,,,,,,,,,,,,,,,,,
16,September ,3,6,0,0,0,0,0,0,0,0,MR,,,,,,,,,,,,,,,,,,
16,September ,3,4.5,0,0,0,0,0,0,0,0,MR,,,,,,,,,,,,,,,,,,
16,September ,3,5,0,0,0,0,0,0,0,0,MR,,,,,,,,,,,,,,,,,,
20,September ,1,7,6,2,1,0,0,0,0,0,MR,,,,,,,,,,,,,,,,,,
20,September ,3,4,0,0,0,0,0,0,0,0,MR,,,,,,,,,,,,,,,,,,
20,September ,3,5,0,0,0,0,0,0,0,0,MR,,,,,,,,,,,,,,,,,,
20,September ,2,6,0,0,0,0,0,0,0,0,MR,,,,,,,,,,,,,,,,,,
20,September ,2,6,0,0,0,0,0,0,0,0,MR,,,,,,,,,,,,,,,,,,
20,September ,2,5,0,0,0,0,0,0,0,0,MR,,,,,,,,,,,,,,,,,,
8,September ,1,6,2,3,0,0,0,0,0,0,MR,,,,,,,,,,,,,,,,,,
8,September ,3,6,0,0,0,0,0,0,0,0,MR,,,,,,,,,,,,,,,,,,
8,September ,3,6,0,0,0,0,0,0,0,0,MR,,,,,,,,,,,,,,,,,,
8,September ,3,5,0,0,0,0,0,0,0,0,MR,,,,,,,,,,,,,,,,,,
8,September ,3,5,0,0,0,0,0,0,0,0,MR,,,,,,,,,,,,,,,,,,
8,September ,3,5,0,0,0,0,0,0,0,0,MR,,,,,,,,,,,,,,,,,,
11,September ,1,4,2,3,0,0,0,0,0,0,MR,,,,,,,,,,,,,,,,,,
11,September ,1,3,2,3,0,0,0,0,0,0,MR,,,,,,,,,,,,,,,,,,
11,September ,3,4.5,0,0,0,0,0,0,0,0,MR,,,,,,,,,,,,,,,,,,
11,September ,2,5,1,0,2,0,0,0,0,0,MR,,,,,,,,,,,,,,,,,,
11,September ,2,5,0,0,0,0,0,0,0,0,MR,,,,,,,,,,,,,,,,,,
11,September ,2,4,0,0,0,0,0,0,0,0,MR,,,,,,,,,,,,,,,,,,
9,September ,3,5,0,0,0,0,0,0,0,0,MR,,,,,,,,,,,,,,,,,,
9,September ,3,5,0,0,0,0,0,0,0,0,MR,,,,,,,,,,,,,,,,,,
9,September ,2,5,0,0,0,0,0,0,0,0,MR,,,,,,,,,,,,,,,,,,
9,September ,2,4,0,0,0,0,0,0,0,0,MR,,,,,,,,,,,,,,,,,,
9,September ,2,4.5,0,0,0,0,0,0,0,0,MR,,,,,,,,,,,,,,,,,,
9,September ,2,3.5,0,0,0,0,0,0,0,0,MR,,,,,,,,,,,,,,,,,,
14,September ,1,5,0,2,0,0,0,0,0,0,MR,,,,,,,,,,,,,,,,,,
14,September ,3,4,0,0,0,0,0,0,0,0,MR,,,,,,,,,,,,,,,,,,
14,September ,3,4.5,0,0,0,0,0,0,0,0,MR,,,,,,,,,,,,,,,,,,
14,September ,3,5,0,0,0,0,0,0,0,0,MR,,,,,,,,,,,,,,,,,,
14,September ,3,4.5,0,0,0,0,0,0,0,0,MR,,,,,,,,,,,,,,,,,,
14,September ,3,5,0,0,0,0,0,0,0,0,MR,,,,,,,,,,,,,,,,,,
12,September ,3,4,0,0,0,0,0,0,0,0,MR,,,,,,,,,,,,,,,,,,
12,September ,3,3,0,0,0,0,0,0,0,0,MR,,,,,,,,,,,,,,,,,,
12,September ,3,4,0,0,0,0,0,0,0,0,MR,,,,,,,,,,,,,,,,,,
12,September ,3,5,0,0,0,0,0,0,0,0,MR,,,,,,,,,,,,,,,,,,
12,September ,3,5,0,0,0,0,0,0,0,0,MR,,,,,,,,,,,,,,,,,,
12,September ,3,5,0,0,0,0,0,0,0,0,MR,,,,,,,,,,,,,,,,,,
18,September ,2,5,0,0,0,0,0,0,0,0,MR,,,,,,,,,,,,,,,,,,
18,September ,2,5,0,0,0,0,0,0,0,0,MR,,,,,,,,,,,,,,,,,,
18,September ,3,5,0,0,0,0,0,0,0,0,MR,,,,,,,,,,,,,,,,,,
18,September ,3,4.5,0,0,0,0,0,0,0,0,MR,,,,,,,,,,,,,,,,,,
18,September ,3,5,0,0,0,0,0,0,0,0,MR,,,,,,,,,,,,,,,,,,
18,September ,3,4.5,0,0,0,0,0,0,0,0,MR,,,,,,,,,,,,,,,,,,
10,September ,3,2.5,2,3,0,0,0,0,0,0,MR,,,,,,,,,,,,,,,,,,
10,September ,1,5,0,1,0,0,0,0,0,0,MR,,,,,,,,,,,,,,,,,,
10,September ,3,3.5,0,0,0,0,0,0,0,0,MR,,,,,,,,,,,,,,,,,,
10,September ,3,4.5,0,0,0,0,0,0,0,0,MR,,,,,,,,,,,,,,,,,,
10,September ,2,4.5,1,0,0,0,0,0,0,0,MR,,,,,,,,,,,,,,,,,,
10,September ,3,5,0,0,0,0,0,0,0,0,MR,,,,,,,,,,,,,,,,,,
17,September ,3,5,0,0,0,0,0,0,0,0,MR,,,,,,,,,,,,,,,,,,
17,September ,3,5,0,0,0,0,0,0,0,0,MR,,,,,,,,,,,,,,,,,,
17,September ,2,5,0,0,0,0,0,0,0,0,MR,,,,,,,,,,,,,,,,,,
17,September ,2,5,0,0,0,0,0,0,0,0,MR,,,,,,,,,,,,,,,,,,
17,September ,2,5,0,0,0,0,0,0,0,0,MR,,,,,,,,,,,,,,,,,,
17,September ,2,5,0,0,0,0,0,0,0,0,MR,,,,,,,,,,,,,,,,,,
6,September ,2,5,0,0,0,0,0,0,0,0,MR,,,,,,,,,,,,,,,,,,
6,September ,2,5,0,0,0,0,0,0,0,0,MR,,,,,,,,,,,,,,,,,,
6,September ,2,7,0,0,0,0,0,0,0,0,MR,,,,,,,,,,,,,,,,,,
6,September ,2,5,0,0,0,0,0,0,0,0,MR,,,,,,,,,,,,,,,,,,
6,September ,2,5,0,0,0,0,0,0,0,0,MR,,,,,,,,,,,,,,,,,,
6,September ,2,5,0,0,0,0,0,0,0,0,MR,,,,,,,,,,,,,,,,,,
4,September ,3,4.5,0,0,0,0,0,0,0,0,MR,,,,,,,,,,,,,,,,,,
4,September ,3,4.5,0,0,0,0,0,0,0,0,MR,,,,,,,,,,,,,,,,,,
4,September ,3,5,0,0,0,0,0,0,0,0,MR,,,,,,,,,,,,,,,,,,
4,September ,3,4.5,0,0,0,0,0,0,0,0,MR,,,,,,,,,,,,,,,,,,
4,September ,3,5,0,0,0,0,0,0,0,0,MR,,,,,,,,,,,,,,,,,,
4,September ,3,5,0,0,0,0,0,0,0,0,MR,,,,,,,,,,,,,,,,,,
13,September ,3,4,0,0,0,0,0,0,0,0,MR,,,,,,,,,,,,,,,,,,
13,September ,3,5,0,0,0,0,0,0,0,0,MR,,,,,,,,,,,,,,,,,,
13,September ,3,4.5,0,0,0,0,0,0,0,0,MR,,,,,,,,,,,,,,,,,,
13,September ,3,5.5,0,0,0,0,0,0,0,0,MR,,,,,,,,,,,,,,,,,,
13,September ,3,4,0,0,0,0,0,0,0,0,MR,,,,,,,,,,,,,,,,,,
13,September ,3,4,0,0,0,0,0,0,0,0,MR,,,,,,,,,,,,,,,,,,